town,town_id,year_99,year_100,year_101,year_102,year_103,year_104,year_105,year_106,year_107,year_108,year_109,year_110,year_111,year_112,year_113,year_114,year_115,year_116,year_117,year_118
連江縣南竿鄉,9007010,61,65,70,76,80,83,83,83,78,76,71,70,69,68,68,68,68,68,68,68
連江縣北竿鄉,9007020,18,20,21,23,23,20,21,23,22,21,22,22,22,22,22,22,22,22,22,22
連江縣莒光鄉,9007030,10,10,11,11,11,11,11,10,9,10,10,10,10,10,10,9,9,9,9,9
連江縣東引鄉,9007040,10,11,12,13,14,15,16,17,16,15,15,15,15,14,14,14,14,14,14,14
金門縣金城鎮,9020010,320,326,355,368,381,387,377,381,355,329,340,329,329,320,291,290,284,281,281,277
金門縣金沙鎮,9020020,150,149,154,156,159,161,155,147,137,127,122,119,119,116,116,113,112,110,110,104
金門縣金湖鎮,9020030,224,238,257,267,274,275,268,266,258,244,242,242,241,241,240,240,239,239,238,238
金門縣金寧鄉,9020040,175,178,186,201,216,222,228,237,233,236,234,231,229,227,224,222,220,218,216,213
金門縣烈嶼鄉,9020050,79,84,91,100,107,105,101,87,79,70,59,50,45,41,40,39,39,38,38,37
宜蘭縣宜蘭市,10002010,807,788,780,765,774,781,782,819,819,782,811,774,803,766,795,759,787,751,643,615
宜蘭縣羅東鎮,10002020,659,652,650,657,680,682,695,708,686,635,708,732,702,702,570,571,570,570,570,570
宜蘭縣蘇澳鎮,10002030,336,312,293,279,273,274,282,281,284,262,268,268,266,266,265,261,249,246,246,245
宜蘭縣頭城鎮,10002040,242,223,214,204,200,202,208,218,216,215,214,212,211,209,207,207,207,206,206,205
宜蘭縣礁溪鄉,10002050,285,282,300,297,286,283,288,280,273,270,268,265,256,247,245,244,243,236,234,227
宜蘭縣壯圍鄉,10002060,192,174,164,159,156,150,157,159,157,159,158,157,156,156,155,154,154,154,154,154
宜蘭縣員山鄉,10002070,255,241,236,223,224,217,217,223,214,212,217,217,215,215,213,213,211,211,208,208
宜蘭縣冬山鄉,10002080,464,453,461,469,466,464,446,443,434,434,402,401,391,384,376,367,362,339,334,328
宜蘭縣五結鄉,10002090,317,298,303,295,284,285,282,282,284,312,280,295,265,278,250,263,237,249,224,235
宜蘭縣三星鄉,10002100,151,137,131,124,129,122,115,116,111,108,116,114,114,116,114,114,113,112,111,111
宜蘭縣大同鄉,10002110,92,88,88,91,93,92,89,92,92,87,84,79,78,76,76,76,75,75,70,69
宜蘭縣南澳鄉,10002120,100,93,97,100,104,102,95,90,90,92,88,83,77,75,73,68,66,59,53,48
新竹縣竹北市,10004010,2372,2433,2549,2665,2764,2852,2932,3048,3033,3045,3045,3045,3039,3033,3027,3021,3015,3009,3003,2997
新竹縣竹東鎮,10004020,1046,1012,997,954,931,918,920,935,913,907,906,902,901,894,880,883,883,879,849,793
新竹縣新埔鎮,10004030,301,279,273,265,255,251,246,249,245,226,213,200,189,181,177,163,156,152,147,130
新竹縣關西鎮,10004040,285,268,260,245,234,205,190,182,167,161,172,165,163,156,153,154,153,153,153,153
新竹縣湖口鄉,10004050,813,800,812,791,785,762,759,759,753,702,710,702,702,702,701,695,695,699,695,670
新竹縣新豐鄉,10004060,606,588,607,621,632,621,620,635,616,583,578,547,542,514,509,483,482,482,481,481
新竹縣芎林鄉,10004070,193,177,172,165,162,159,157,153,147,136,127,126,122,118,111,101,99,94,83,79
新竹縣橫山鄉,10004080,123,117,107,105,98,97,93,86,85,80,75,73,68,66,62,61,54,52,49,45
新竹縣北埔鄉,10004090,82,73,70,65,64,65,62,62,60,55,55,53,53,52,52,52,52,52,49,49
新竹縣寶山鄉,10004100,128,114,108,102,103,99,99,105,99,98,100,100,101,100,101,102,104,107,108,109
新竹縣峨眉鄉,10004110,42,38,35,35,34,32,32,36,39,38,34,35,35,38,38,41,41,47,47,51
新竹縣尖石鄉,10004120,137,140,143,145,146,143,142,144,140,134,138,140,140,140,140,140,139,147,149,149
新竹縣五峰鄉,10004130,57,56,58,58,59,58,56,56,56,51,47,47,47,46,44,43,42,42,40,40
苗栗縣苗栗市,10005010,767,756,777,782,800,799,783,769,719,683,702,643,633,598,572,572,572,570,536,536
苗栗縣苑裡鎮,10005020,451,437,440,444,446,402,359,309,268,258,259,218,176,130,97,45,45,45,45,45
苗栗縣通霄鎮,10005030,301,285,298,298,304,288,265,240,215,200,189,174,148,139,118,100,78,59,41,34
苗栗縣竹南鎮,10005040,853,871,918,954,998,1017,1015,999,962,901,918,921,921,921,952,956,952,910,901,900
苗栗縣頭份市,10005050,1010,1148,1079,1191,1187,1203,1170,1139,1063,997,1008,946,922,919,894,821,809,793,763,761
苗栗縣後龍鎮,10005060,344,328,327,322,318,312,301,292,269,241,247,234,217,205,189,173,150,134,115,95
苗栗縣卓蘭鎮,10005070,153,144,153,151,161,150,137,117,102,100,93,88,80,78,75,71,70,68,68,67
苗栗縣大湖鄉,10005080,130,122,121,118,116,108,109,97,89,84,87,90,96,112,147,155,200,260,332,367
苗栗縣公館鄉,10005090,286,282,294,290,305,305,290,283,262,237,235,234,217,213,196,183,179,172,163,152
苗栗縣銅鑼鄉,10005100,152,152,153,151,152,156,154,139,128,123,121,112,101,94,81,69,54,39,28,28
苗栗縣南庄鄉,10005110,96,89,86,82,84,86,81,77,68,62,52,45,36,32,30,29,27,25,25,25
苗栗縣頭屋鄉,10005120,97,92,90,91,89,87,81,77,69,61,46,34,34,34,32,30,28,25,25,24
苗栗縣三義鄉,10005130,161,151,151,147,147,142,137,127,113,109,114,110,98,88,78,69,60,50,39,29
苗栗縣西湖鄉,10005140,57,53,56,52,52,49,47,39,34,29,30,29,29,29,29,29,26,26,25,25
苗栗縣造橋鄉,10005150,110,110,111,110,108,111,111,104,93,86,79,74,70,67,61,53,48,41,35,30
苗栗縣三灣鄉,10005160,49,50,51,51,52,51,52,49,46,44,43,41,39,39,38,35,33,31,30,29
苗栗縣獅潭鄉,10005170,32,29,31,30,31,30,26,23,22,19,23,23,23,23,23,22,22,22,22,22
苗栗縣泰安鄉,10005180,75,69,67,70,71,69,63,62,59,53,46,41,34,29,29,27,27,27,27,26
彰化縣彰化市,10007010,2292,2264,2291,2259,2235,2267,2302,2300,2252,2177,2205,2200,2189,2151,2070,2072,2033,2016,2016,1963
彰化縣鹿港鎮,10007020,918,893,888,875,874,879,896,920,922,897,897,897,894,889,888,885,873,867,866,865
彰化縣和美鎮,10007030,929,909,924,916,910,922,910,909,890,858,858,857,827,823,819,838,857,855,813,813
彰化縣線西鄉,10007040,163,159,167,171,170,163,161,165,161,148,149,145,140,137,136,125,121,117,113,111
彰化縣伸港鄉,10007050,365,355,361,354,364,370,379,387,388,378,376,376,371,368,370,371,371,372,375,377
彰化縣福興鄉,10007060,449,426,418,410,407,410,422,430,415,387,379,376,369,362,354,350,341,339,333,329
彰化縣秀水鄉,10007070,383,375,386,380,368,367,372,381,378,359,365,342,342,335,334,331,330,328,327,330
彰化縣花壇鄉,10007080,435,422,418,417,412,419,421,413,409,395,379,375,372,363,346,335,332,331,331,330
彰化縣芬園鄉,10007090,216,207,207,197,194,191,199,198,197,189,177,177,175,160,160,160,160,160,160,160
彰化縣員林市,10007100,1143,1175,1200,1190,833,1172,1210,1226,1236,1208,1223,1214,1184,1181,1187,1186,1184,1177,1176,1174
彰化縣溪湖鎮,10007110,519,513,522,522,526,532,539,554,542,534,532,527,524,524,525,524,524,524,519,519
彰化縣田中鎮,10007120,374,357,354,339,327,322,322,330,329,313,322,322,322,324,325,324,324,324,324,319
彰化縣大村鄉,10007130,336,319,311,303,300,307,314,329,344,342,327,333,331,336,334,335,336,344,354,354
彰化縣埔鹽鄉,10007140,325,306,293,280,274,269,272,272,269,257,242,241,238,237,224,224,219,224,219,222
彰化縣埔心鄉,10007150,320,312,313,314,303,305,305,308,296,288,269,267,264,253,247,241,237,224,217,214
彰化縣永靖鄉,10007160,361,346,340,329,315,313,309,304,297,284,270,266,259,245,239,232,217,211,207,190
彰化縣社頭鄉,10007170,403,389,381,369,365,356,368,380,381,372,338,328,321,296,290,284,279,277,270,267
彰化縣二水鄉,10007180,125,118,111,106,101,98,104,108,106,94,87,86,85,85,82,79,77,77,75,74
彰化縣北斗鎮,10007190,303,290,284,275,283,288,302,315,320,319,316,315,313,312,309,308,306,305,302,301
彰化縣二林鎮,10007200,479,451,430,426,406,404,403,404,394,379,357,337,318,300,283,268,253,240,227,215
彰化縣田尾鄉,10007210,256,240,230,217,212,213,221,223,225,214,214,212,213,208,209,193,191,191,191,189
彰化縣埤頭鄉,10007220,291,273,263,257,249,251,264,272,275,271,265,266,270,278,280,285,286,302,306,308
彰化縣芳苑鄉,10007230,322,289,270,258,249,247,246,245,241,234,214,214,214,214,214,214,213,208,207,207
彰化縣大城鄉,10007240,182,162,152,138,127,117,114,111,102,93,84,78,75,67,64,60,54,52,48,43
彰化縣竹塘鄉,10007250,144,137,135,125,119,113,110,111,104,98,89,76,62,45,34,34,34,34,33,29
彰化縣溪州鄉,10007260,294,265,261,243,238,231,234,229,224,214,212,194,192,189,189,187,186,183,175,175
南投縣南投市,10008010,834,795,784,757,745,735,732,715,695,676,695,701,700,695,684,670,615,615,615,615
南投縣埔里鎮,10008020,664,627,617,573,559,536,536,541,524,512,541,536,552,611,572,570,570,562,570,570
南投縣草屯鎮,10008030,842,798,783,762,741,718,699,691,669,684,689,699,681,681,677,669,670,644,615,615
南投縣竹山鎮,10008040,469,443,422,399,391,382,377,380,370,355,355,355,353,347,339,337,334,334,329,324
南投縣集集鎮,10008050,91,83,75,68,71,69,68,64,61,60,61,60,58,53,52,52,52,52,50,48
南投縣名間鄉,10008060,337,316,297,278,265,254,244,236,224,224,222,220,217,215,213,211,209,207,205,203
南投縣鹿谷鄉,10008070,133,127,123,119,111,106,103,102,98,95,95,94,93,89,90,90,91,91,90,90
南投縣中寮鄉,10008080,111,103,107,107,101,93,83,78,73,70,44,40,34,34,34,33,33,32,32,30
南投縣魚池鄉,10008090,125,116,114,117,111,104,98,98,91,89,81,75,70,64,59,53,45,40,36,34
南投縣國姓鄉,10008100,142,125,121,118,105,104,102,100,99,92,93,88,87,87,84,80,79,79,78,76
南投縣水里鄉,10008110,140,126,117,112,105,100,96,98,94,95,100,105,111,114,118,122,124,128,130,147
南投縣信義鄉,10008120,202,192,188,188,191,184,186,177,180,173,156,153,150,149,147,152,128,123,118,105
南投縣仁愛鄉,10008130,221,220,220,228,222,222,221,226,230,230,214,217,214,215,214,214,211,207,207,207
雲林縣斗六市,10009010,939,925,934,920,918,899,901,929,927,905,918,921,920,923,922,910,901,905,908,866
雲林縣斗南鎮,10009020,379,361,348,332,326,311,306,315,306,299,298,295,295,294,290,286,286,284,282,281
雲林縣虎尾鎮,10009030,682,655,663,635,619,612,611,619,614,606,616,619,620,629,632,625,727,727,634,615
雲林縣西螺鎮,10009040,436,417,403,388,378,372,365,370,360,345,347,334,333,333,332,333,332,332,331,332
雲林縣土庫鎮,10009050,275,257,259,249,238,227,222,215,208,193,201,189,187,183,182,178,176,173,169,166
雲林縣北港鎮,10009060,335,313,306,298,285,281,282,284,285,268,269,268,266,265,265,262,259,261,261,259
雲林縣古坑鄉,10009070,252,239,231,224,217,214,207,201,189,190,183,179,175,168,157,154,150,152,152,152
雲林縣大埤鄉,10009080,185,168,157,149,139,131,130,132,132,123,121,122,123,128,147,152,153,158,160,160
雲林縣莿桐鄉,10009090,287,272,259,247,241,227,223,225,219,215,213,202,192,190,190,189,188,186,185,184
雲林縣林內鄉,10009100,153,147,144,137,137,127,126,123,120,113,109,106,102,98,97,97,96,93,92,92
雲林縣二崙鄉,10009110,259,242,231,218,205,194,179,179,170,153,147,141,130,128,118,111,104,99,95,86
雲林縣崙背鄉,10009120,240,220,210,194,187,169,167,162,158,150,149,147,145,141,140,147,130,129,129,125
雲林縣麥寮鄉,10009130,452,470,496,521,523,511,506,503,490,484,467,455,421,418,411,389,384,379,377,371
雲林縣東勢鄉,10009140,123,108,103,93,99,88,89,86,80,72,77,75,75,71,70,71,69,69,68,68
雲林縣褒忠鄉,10009150,124,112,103,96,94,91,83,80,76,72,70,67,64,61,56,53,52,48,45,42
雲林縣臺西鄉,10009160,216,196,181,176,171,163,156,152,142,135,125,118,110,97,88,77,66,53,41,32
雲林縣元長鄉,10009170,222,204,200,191,183,175,162,155,147,136,136,128,123,118,115,114,111,104,98,96
雲林縣四湖鄉,10009180,191,173,161,144,136,123,117,110,107,102,99,98,95,94,93,93,93,93,93,93
雲林縣口湖鄉,10009190,246,226,224,216,204,191,183,174,159,147,143,129,122,110,97,86,74,62,50,39
雲林縣水林鄉,10009200,214,195,181,166,156,145,140,136,125,114,104,98,94,86,78,71,66,61,56,52
嘉義縣太保市,10010010,367,335,332,310,301,297,290,296,297,293,296,298,301,306,305,309,309,308,315,320
嘉義縣朴子市,10010020,380,367,356,335,323,324,316,315,316,300,309,306,309,308,306,306,302,300,300,299
嘉義縣布袋鎮,10010030,238,204,185,163,153,142,138,137,130,129,131,130,128,127,126,125,123,122,121,120
嘉義縣大林鎮,10010040,255,233,220,207,193,186,182,184,182,173,171,170,168,166,165,163,161,160,158,156
嘉義縣民雄鄉,10010050,597,568,540,505,483,477,473,472,455,454,450,449,446,445,441,441,437,436,433,432
嘉義縣溪口鄉,10010060,117,101,96,86,80,75,75,74,71,69,75,67,78,64,83,55,91,43,111,27
嘉義縣新港鄉,10010070,270,240,221,209,201,194,187,183,180,170,177,175,173,176,176,177,177,177,169,177
嘉義縣六腳鄉,10010080,203,179,156,142,127,117,110,105,99,97,94,89,88,87,88,89,92,92,97,98
嘉義縣東石鄉,10010090,231,202,189,177,168,153,145,141,129,123,118,114,111,110,108,103,101,100,99,99
嘉義縣義竹鄉,10010100,142,118,106,95,89,83,82,78,74,72,68,65,61,60,54,53,50,46,44,41
嘉義縣鹿草鄉,10010110,115,103,90,89,84,73,70,66,67,65,61,61,60,59,57,56,55,54,54,54
嘉義縣水上鄉,10010120,407,372,356,332,304,297,284,278,257,256,256,256,243,245,244,244,243,234,234,234
嘉義縣中埔鄉,10010130,394,371,351,330,310,295,289,283,277,267,269,267,268,266,266,265,261,261,227,227
嘉義縣竹崎鄉,10010140,298,275,265,249,231,217,215,216,214,204,216,216,216,219,222,225,231,231,232,242
嘉義縣梅山鄉,10010150,164,149,137,133,124,117,114,113,106,100,96,94,87,80,75,70,65,61,53,49
嘉義縣番路鄉,10010160,93,93,93,84,81,71,66,66,61,57,54,51,48,44,41,38,36,36,35,35
嘉義縣大埔鄉,10010170,51,47,43,42,44,41,37,35,33,33,34,33,32,31,30,30,30,30,30,29
嘉義縣阿里山鄉,10010180,70,67,60,59,57,55,54,54,51,48,47,45,42,40,40,38,36,35,33,31
屏東縣屏東市,10013010,1584,1503,1470,1403,1363,1357,1376,1418,1453,1426,1426,1412,1398,1384,1370,1356,1343,1329,1316,1303
屏東縣潮州鎮,10013020,425,404,397,388,372,362,361,370,357,336,334,332,330,328,326,325,323,321,319,317
屏東縣東港鎮,10013030,465,415,407,385,373,373,372,385,383,357,356,356,355,354,353,353,352,351,351,350
屏東縣恆春鎮,10013040,301,275,265,251,256,255,259,264,269,262,256,252,256,256,256,256,259,249,249,249
屏東縣萬丹鄉,10013050,444,417,406,382,368,354,356,357,356,353,353,353,353,355,355,353,350,350,350,348
屏東縣長治鄉,10013060,217,198,195,182,183,181,183,190,176,171,172,157,154,149,152,149,132,129,119,118
屏東縣麟洛鄉,10013070,70,64,61,60,61,58,59,60,60,58,61,61,61,61,61,61,61,61,61,61
屏東縣九如鄉,10013080,184,171,165,156,150,145,149,153,154,154,156,156,157,161,160,160,159,158,158,157
屏東縣里港鄉,10013090,194,177,200,215,233,252,253,240,227,218,218,218,215,214,213,214,213,212,211,211
屏東縣鹽埔鄉,10013100,212,197,195,193,197,184,185,186,176,170,175,159,156,153,153,152,152,150,147,129
屏東縣高樹鄉,10013110,190,163,152,134,130,128,126,129,122,120,123,123,121,118,119,119,119,119,118,118
屏東縣萬巒鄉,10013120,148,131,129,125,119,119,124,140,153,153,147,153,153,152,152,151,149,148,146,145
屏東縣內埔鄉,10013130,408,379,361,339,330,316,309,308,293,278,276,270,270,256,245,238,219,199,189,181
屏東縣竹田鄉,10013140,124,112,105,99,96,95,99,95,96,93,96,96,96,95,95,95,95,95,95,95
屏東縣新埤鄉,10013150,73,68,61,57,55,54,53,50,55,51,48,48,47,47,47,46,46,45,45,44
屏東縣枋寮鄉,10013160,197,180,168,155,145,142,137,141,143,140,146,147,146,144,143,141,140,138,137,136
屏東縣新園鄉,10013170,327,297,276,256,247,233,224,223,212,200,203,189,189,182,180,169,166,162,160,158
屏東縣崁頂鄉,10013180,146,130,117,113,111,106,103,103,103,98,103,102,101,100,99,98,97,96,95,94
屏東縣林邊鄉,10013190,157,137,130,124,121,111,107,110,112,111,110,109,107,102,102,100,100,99,99,98
屏東縣南州鄉,10013200,79,72,67,63,62,58,62,62,60,58,61,61,62,61,62,61,65,61,66,61
屏東縣佳冬鄉,10013210,150,139,129,123,111,104,99,99,96,100,100,101,100,99,98,97,96,95,94,93
屏東縣琉球鄉,10013220,117,108,112,117,121,111,105,101,93,88,80,77,73,70,66,62,61,54,52,49
屏東縣車城鄉,10013230,65,58,52,47,46,46,42,41,40,42,41,41,38,37,36,36,35,33,32,30
屏東縣滿州鄉,10013240,68,62,58,52,52,48,44,44,41,39,40,37,36,35,34,32,32,32,30,30
屏東縣枋山鄉,10013250,47,39,39,35,34,34,34,33,30,27,30,30,30,28,27,26,26,26,26,25
屏東縣三地門鄉,10013260,84,84,83,84,85,82,83,83,80,79,78,77,77,76,75,75,75,73,71,70
屏東縣霧臺鄉,10013270,26,25,27,30,30,29,29,26,29,26,26,26,26,26,26,26,26,25,25,24
屏東縣瑪家鄉,10013280,68,67,70,74,76,78,78,80,78,75,74,74,73,72,71,71,70,69,69,68
屏東縣泰武鄉,10013290,58,59,63,66,65,68,69,71,68,69,70,67,68,70,67,68,67,66,66,65
屏東縣來義鄉,10013300,79,79,76,74,80,77,78,77,72,76,75,72,71,71,71,70,70,69,69,69
屏東縣春日鄉,10013310,59,58,60,59,59,56,58,57,57,59,55,55,55,55,55,55,54,54,54,54
屏東縣獅子鄉,10013320,54,52,50,47,50,47,50,49,49,48,42,42,41,40,40,40,36,35,35,35
屏東縣牡丹鄉,10013330,54,53,53,49,50,45,47,45,44,42,44,42,41,40,40,40,40,40,38,37
臺東縣臺東市,10014010,969,949,942,919,907,896,886,904,897,878,903,904,905,888,887,884,869,709,709,709
臺東縣成功鎮,10014020,129,120,113,107,100,90,85,84,79,73,69,64,59,53,45,40,35,28,27,27
臺東縣關山鎮,10014030,74,69,64,63,62,58,57,59,56,55,62,60,61,60,60,60,60,60,60,60
臺東縣卑南鄉,10014040,146,141,132,129,132,124,128,124,120,118,116,111,108,104,99,98,96,94,93,89
臺東縣鹿野鄉,10014050,69,61,60,57,55,52,48,47,46,45,44,42,40,40,39,39,36,35,35,35
臺東縣池上鄉,10014060,71,66,60,55,52,52,50,48,47,54,48,49,48,47,47,47,47,47,46,46
臺東縣東河鄉,10014070,66,62,58,55,54,50,47,43,41,38,40,39,36,35,33,32,30,30,29,27
臺東縣長濱鄉,10014080,58,49,46,42,39,37,36,32,33,32,32,32,32,30,29,29,27,27,27,27
臺東縣太麻里鄉,10014090,116,105,94,87,86,79,77,73,71,65,61,58,53,49,45,41,39,37,35,32
臺東縣大武鄉,10014100,70,60,54,53,52,45,43,40,40,40,33,32,29,28,25,25,23,23,23,23
臺東縣綠島鄉,10014110,30,29,31,30,30,32,32,35,38,39,32,30,31,33,37,37,34,34,34,35
臺東縣海端鄉,10014120,67,64,63,60,58,55,55,50,49,45,50,48,47,48,47,47,43,43,42,42
臺東縣延平鄉,10014130,44,39,41,40,40,43,43,41,42,39,41,41,40,40,40,40,40,40,40,40
臺東縣金峰鄉,10014140,42,40,40,40,44,42,42,43,41,42,41,42,42,42,42,42,42,42,42,42
臺東縣達仁鄉,10014150,46,40,34,31,27,26,26,26,25,25,29,30,30,29,30,29,29,29,29,29
臺東縣蘭嶼鄉,10014160,51,55,59,56,57,58,56,56,54,52,52,52,52,52,52,52,51,51,51,50
花蓮縣花蓮市,10015010,1005,991,999,992,987,991,986,998,1008,984,993,984,984,984,944,930,927,922,911,897
花蓮縣鳳林鎮,10015020,75,71,70,67,66,66,64,62,63,71,70,70,70,70,70,69,69,68,68,68
花蓮縣玉里鎮,10015030,201,185,180,177,170,168,172,160,159,158,149,147,147,144,144,141,140,147,147,129
花蓮縣新城鄉,10015040,186,177,176,176,186,186,194,191,187,181,179,176,176,178,178,178,169,160,166,166
花蓮縣吉安鄉,10015050,597,590,606,610,620,611,625,619,588,584,583,582,581,579,578,577,575,572,570,568
花蓮縣壽豐鄉,10015060,129,118,121,122,123,124,128,125,122,119,115,114,110,106,100,99,97,95,88,85
花蓮縣光復鄉,10015070,99,94,91,86,87,83,75,74,69,68,67,65,61,59,54,53,49,45,41,41
花蓮縣豐濱鄉,10015080,33,29,24,24,24,24,23,23,23,21,25,25,25,25,25,25,25,25,25,25
花蓮縣瑞穗鄉,10015090,97,84,77,74,72,68,66,65,74,72,65,64,63,62,61,61,61,61,60,59
花蓮縣富里鄉,10015100,92,86,78,75,73,68,67,64,57,57,59,58,58,54,55,53,55,53,55,52
花蓮縣秀林鄉,10015110,194,187,177,177,183,190,194,198,201,206,185,173,157,153,132,120,101,88,75,61
花蓮縣萬榮鄉,10015120,83,80,76,71,68,63,66,64,63,61,60,59,58,55,53,52,52,48,47,44
花蓮縣卓溪鄉,10015130,75,73,69,70,72,70,73,77,77,75,75,75,75,73,74,74,74,74,75,75
澎湖縣馬公市,10016010,463,450,465,470,477,485,502,514,513,504,478,478,484,484,485,502,466,470,477,477
澎湖縣湖西鄉,10016020,117,111,112,113,118,116,111,114,113,109,96,96,89,87,81,79,71,67,61,54
澎湖縣白沙鄉,10016030,75,71,72,75,81,79,83,87,87,90,79,78,79,79,79,81,84,85,85,88
澎湖縣西嶼鄉,10016040,74,70,69,71,72,70,68,69,63,63,57,54,52,52,51,51,48,47,45,43
澎湖縣望安鄉,10016050,33,31,33,32,36,34,37,38,40,41,35,35,35,36,35,36,38,38,39,39
澎湖縣七美鄉,10016060,29,30,30,30,33,36,30,36,33,34,31,30,30,30,30,30,30,30,30,30
基隆市中正區,10017010,370,331,325,320,305,298,309,312,305,301,294,289,288,286,287,287,286,284,281,278
基隆市七堵區,10017020,437,411,396,378,365,372,380,384,384,366,376,376,376,371,372,370,369,369,369,367
基隆市暖暖區,10017030,266,251,245,238,235,246,254,276,281,278,290,291,296,300,324,326,326,327,333,339
基隆市仁愛區,10017040,401,379,368,354,338,331,332,330,326,299,324,324,319,315,312,300,283,281,275,272
基隆市中山區,10017050,346,316,299,278,264,265,273,287,286,287,283,283,284,284,284,284,284,287,287,287
基隆市安樂區,10017060,665,610,587,572,559,555,560,581,583,562,583,581,601,615,615,615,609,609,609,609
基隆市信義區,10017070,360,329,323,314,307,325,342,358,373,356,340,349,349,353,354,355,355,363,363,368
新竹市東區,10018010,2535,2581,2712,2721,2779,2784,2811,2902,2950,2849,2826,2804,2782,2760,2738,2717,2695,2674,2653,2632
新竹市北區,10018020,1698,1692,1744,1711,1725,1704,1685,1713,1702,1613,1611,1610,1608,1607,1605,1603,1602,1600,1599,1597
新竹市香山區,10018030,879,876,895,895,885,859,857,866,863,813,771,732,719,715,702,701,644,635,615,615
嘉義市東區,10020010,1033,976,990,1004,1016,1029,1034,1054,1042,998,1008,998,992,992,990,944,927,908,879,767
嘉義市西區,10020020,933,1307,1292,1272,1283,1297,1324,1344,1344,1277,1339,1337,1343,1344,1344,1350,1344,1318,1111,1111
臺北市松山區,63000010,1860,1940,2073,2123,2198,2232,2253,2229,2146,1996,1996,1996,2176,2143,2173,2103,2103,2120,2098,2107
臺北市信義區,63000020,1906,2019,2156,2245,2351,2386,2416,2386,2266,2095,1870,1779,1443,1238,926,949,918,876,884,776
臺北市大安區,63000030,2787,2932,3118,3219,3313,3386,3430,3433,3337,3152,3152,3120,2855,2846,2709,2317,2095,1780,1656,1405
臺北市中山區,63000040,1829,1994,2126,2238,2360,2419,2464,2467,2380,2214,2095,1879,1867,1871,1831,1859,2031,2408,2784,2908
臺北市中正區,63000050,1473,1578,1689,1763,1816,1858,1857,1887,1843,1743,1743,1734,1715,1711,1679,1673,1664,1673,1595,1595
臺北市大同區,63000060,1064,1153,1282,1347,1409,1447,1452,1462,1383,1266,1208,1153,1056,1038,1011,1009,998,955,926,984
臺北市萬華區,63000070,1524,1635,1788,1863,1939,1969,1993,1967,1876,1712,1458,1371,1254,1033,929,933,988,984,978,938
臺北市文山區,63000080,2415,2537,2695,2780,2866,2951,2977,2967,2855,2637,2507,2502,2497,2492,2487,2482,2472,2467,2462,2457
臺北市南港區,63000090,1067,1139,1238,1298,1360,1408,1434,1430,1402,1318,1306,1305,1280,1279,1254,1242,1229,1217,1205,1193
臺北市內湖區,63000100,2491,2630,2827,2968,3072,3210,3279,3348,3291,3121,3012,3118,3172,3393,3407,4025,4032,4025,4025,3393
臺北市士林區,63000110,2414,2520,2704,2799,2891,2963,3006,3012,2935,2721,2507,2149,1906,1241,584,576,582,582,582,573
臺北市北投區,63000120,2205,2352,2507,2610,2718,2781,2792,2807,2709,2507,2507,2252,2103,1982,1962,1943,1923,1904,1885,1866
高雄市鹽埕區,64000010,162,157,158,156,152,149,141,137,131,125,122,122,118,119,120,120,120,120,120,120
高雄市鼓山區,64000020,1232,1258,1304,1336,1346,1380,1420,1445,1457,1392,1389,1389,1484,1579,1579,1613,1655,1673,1674,1682
高雄市左營區,64000030,1981,1925,1926,1883,1839,1822,1804,1806,1757,1681,1681,1677,1672,1635,1614,1591,1564,1564,1559,1384
高雄市楠梓區,64000040,1575,1587,1631,1661,1678,1697,1734,1828,1864,1873,1843,1854,1810,1808,1806,1804,1795,1786,1777,1768
高雄市三民區,64000050,2828,2767,2768,2762,2786,2821,2848,2880,2853,2705,2802,2802,2777,2777,2801,2786,2786,2777,2787,2787
高雄市新興區,64000060,337,317,336,330,324,329,330,339,344,333,335,337,335,333,332,331,331,331,331,331
高雄市前金區,64000070,187,178,180,181,186,180,180,182,179,169,168,162,158,158,158,158,158,158,158,158
高雄市苓雅區,64000080,1262,1235,1237,1230,1235,1238,1238,1255,1252,1218,1240,1238,1235,1233,1230,1228,1225,1220,1215,1211
高雄市前鎮區,64000090,1667,1629,1628,1586,1559,1513,1513,1526,1487,1408,1415,1408,1408,1408,1392,1371,1368,1365,1356,1327
高雄市旗津區,64000100,297,279,264,246,242,237,235,235,222,204,183,178,173,165,156,156,152,152,152,150
高雄市小港區,64000110,1387,1375,1407,1402,1389,1385,1413,1434,1430,1368,1364,1363,1361,1360,1359,1357,1356,1354,1353,1352
高雄市鳳山區,64000120,2757,2805,2921,2945,2977,3050,3101,3224,3228,3143,3140,3138,3135,3133,3130,3128,3125,3123,3120,3118
高雄市林園區,64000130,623,600,592,588,588,585,580,583,572,552,552,544,536,512,478,469,467,467,466,450
高雄市大寮區,64000140,900,877,873,877,862,865,897,929,928,903,900,894,894,879,863,709,709,709,702,767
高雄市大樹區,64000150,359,338,324,314,304,303,307,311,302,295,278,275,269,268,266,265,262,250,249,244
高雄市大社區,64000160,250,252,265,257,263,264,267,270,266,249,257,245,246,242,238,238,224,221,218,216
高雄市仁武區,64000170,711,744,786,787,793,809,826,850,862,853,837,828,842,824,823,823,819,819,817,860
高雄市鳥松區,64000180,367,357,361,353,350,345,348,355,355,348,329,329,325,325,324,322,322,322,321,320
高雄市岡山區,64000190,854,848,837,835,834,838,837,855,850,833,823,821,823,817,815,813,813,804,615,615
高雄市橋頭區,64000200,282,284,289,290,291,292,292,288,295,290,284,282,281,281,283,281,282,277,280,272
高雄市燕巢區,64000210,247,237,235,224,221,216,213,216,212,202,197,197,197,197,196,196,194,192,190,188
高雄市田寮區,64000220,47,41,39,36,37,30,30,29,29,30,29,27,27,25,27,25,25,25,25,25
高雄市阿蓮區,64000230,254,244,241,227,218,217,218,225,217,211,217,217,215,215,214,214,214,214,198,203
高雄市路竹區,64000240,488,475,467,447,456,456,467,474,465,455,463,455,434,434,428,395,380,380,380,380
高雄市湖內區,64000250,252,228,228,226,237,234,250,248,243,231,233,228,229,223,214,214,213,213,212,211
高雄市茄萣區,64000260,262,224,218,207,203,198,193,180,186,189,181,178,173,168,162,157,155,154,150,149
高雄市永安區,64000270,128,119,126,127,131,138,138,137,130,124,119,116,114,114,114,112,111,111,111,108
高雄市彌陀區,64000280,196,182,176,164,162,155,150,149,145,137,137,129,124,122,118,117,116,112,111,107
高雄市梓官區,64000290,292,280,276,270,267,267,267,268,269,250,248,248,240,237,234,231,229,226,224,220
高雄市旗山區,64000300,255,245,242,229,216,216,218,222,223,222,224,224,223,222,221,220,220,219,218,217
高雄市美濃區,64000310,275,252,240,223,219,214,207,212,213,198,187,180,178,177,168,162,157,154,154,153
高雄市六龜區,64000320,108,95,92,87,85,80,75,71,72,65,55,48,43,40,36,33,32,30,30,30
高雄市甲仙區,64000330,55,50,43,39,41,37,39,36,35,32,33,32,31,30,30,30,30,30,29,27
高雄市杉林區,64000340,69,71,75,73,70,65,65,63,60,61,65,65,64,64,64,63,63,63,62,62
高雄市內門區,64000350,111,94,88,83,81,80,76,78,80,75,61,61,56,53,50,47,43,40,38,36
高雄市茂林區,64000360,21,21,22,23,22,22,23,25,26,23,25,25,25,25,26,26,26,23,23,22
高雄市桃源區,64000370,70,69,66,61,57,54,50,50,52,47,49,50,50,50,50,50,50,50,50,49
高雄市那瑪夏區,64000380,53,48,46,49,50,49,48,48,47,47,44,44,43,43,43,42,41,41,41,41
新北市板橋區,65000010,4920,4913,5084,5078,5153,5143,5110,5165,5070,4886,4871,4857,4842,4828,4779,4732,4684,4637,4591,4545
新北市三重區,65000020,3228,3171,3234,3215,3227,3211,3212,3236,3149,3045,3045,3045,3045,3045,3012,2880,2880,2828,2828,2880
新北市中和區,65000030,3363,3329,3428,3409,3436,3429,3393,3407,3307,3154,3154,3141,3129,3116,3104,3091,3061,3030,3000,2970
新北市永和區,65000040,1813,1752,1736,1719,1719,1685,1681,1680,1627,1566,1565,1564,1563,1561,1560,1559,1558,1557,1556,1555
新北市新莊區,65000050,3886,3884,3969,3976,4025,3991,3982,4088,4032,3917,3878,3839,3801,3763,3725,3688,3651,3614,3578,3542
新北市新店區,65000060,2259,2187,2209,2195,2168,2131,2139,2149,2111,2056,2056,2056,2056,2056,2056,2056,2056,2056,2056,2056
新北市樹林區,65000070,1759,1774,1844,1850,1879,1860,1857,1854,1796,1694,1667,1543,1425,1407,1368,1246,1154,1011,950,863
新北市鶯歌區,65000080,848,860,879,879,901,845,808,793,751,728,744,715,702,665,658,638,626,583,572,567
新北市三峽區,65000090,1044,1042,1086,1121,1148,1149,1171,1180,1181,1143,1143,1143,1143,1143,1056,1042,1042,1039,1039,1042
新北市淡水區,65000100,1213,1185,1241,1261,1299,1345,1379,1428,1425,1404,1425,1425,1425,1411,1397,1383,1369,1355,1342,1328
新北市汐止區,65000110,1496,1457,1470,1458,1468,1451,1459,1468,1441,1424,1405,1408,1397,1420,1408,1408,1397,1407,1382,1382
新北市瑞芳區,65000120,296,284,287,289,293,285,281,281,273,263,259,248,245,238,236,231,225,218,214,201
新北市土城區,65000130,2000,2002,2064,2065,2108,2090,2095,2129,2071,2013,2036,2095,2095,2089,2056,2056,2056,1954,1946,1946
新北市蘆洲區,65000140,1927,1881,1895,1856,1848,1823,1823,1877,1850,1761,1801,1793,1769,1780,1781,1768,1909,1873,1840,1840
新北市五股區,65000150,753,733,744,735,738,738,748,759,765,744,744,744,744,736,670,644,644,644,644,644
新北市泰山區,65000160,828,831,862,844,848,826,819,810,768,719,765,774,765,767,753,737,732,727,727,615
新北市林口區,65000170,1019,1060,1126,1174,1230,1264,1302,1343,1350,1394,1408,1422,1436,1430,1425,1419,1413,1404,1394,1384
新北市深坑區,65000180,175,162,158,155,148,143,147,148,145,146,147,147,146,146,145,145,144,144,144,143
新北市石碇區,65000190,56,51,51,48,44,45,44,42,39,36,35,34,30,29,27,25,25,25,25,25
新北市坪林區,65000200,40,38,37,38,40,40,41,37,36,34,35,32,31,29,29,29,29,29,29,29
新北市三芝區,65000210,176,165,165,157,156,152,151,143,137,130,129,127,123,119,114,108,100,98,95,93
新北市石門區,65000220,112,110,109,108,104,101,95,90,83,72,67,61,54,51,44,37,30,23,22,22
新北市八里區,65000230,329,320,326,327,339,337,339,339,339,331,332,328,328,327,327,327,326,326,326,325
新北市平溪區,65000240,30,27,27,23,21,21,20,19,20,16,23,22,22,22,22,22,22,22,22,22
新北市雙溪區,65000250,64,61,58,56,55,51,51,49,44,40,36,35,31,29,29,29,27,27,27,26
新北市貢寮區,65000260,104,94,90,86,80,71,69,61,55,50,49,42,39,36,35,33,32,30,29,29
新北市金山區,65000270,184,179,182,179,180,170,167,160,148,133,147,147,129,114,104,110,107,94,82,74
新北市萬里區,65000280,216,205,200,197,190,185,176,163,155,143,139,137,138,148,152,154,160,160,164,205
新北市烏來區,65000290,65,68,67,68,70,72,72,75,74,72,70,70,70,70,70,70,71,71,71,71
臺中市中區,66000010,164,158,148,162,152,153,154,164,170,163,159,161,160,160,160,160,160,160,160,160
臺中市東區,66000020,655,639,655,663,684,700,708,736,732,693,623,615,615,615,615,606,589,589,589,589
臺中市南區,66000030,1218,1210,1251,1247,1261,1310,1353,1401,1367,1300,1349,1365,1373,1358,1358,1364,1371,1361,1321,1321
臺中市西區,66000040,1024,1010,1036,1022,1014,1067,1098,1126,1118,1056,1118,1118,1118,1118,1118,1118,1118,1097,1050,1048
臺中市北區,66000050,1206,1209,1239,1253,1252,1281,1317,1375,1382,1313,1346,1347,1344,1344,1350,1347,1345,1342,1339,1337
臺中市西屯區,66000060,2046,2076,2186,2216,2267,2402,2455,2566,2557,2422,2492,2487,2482,2477,2472,2467,2462,2457,2452,2448
臺中市南屯區,66000070,1735,1722,1765,1768,1793,1878,1912,1962,1951,1895,1891,1887,1884,1880,1876,1870,1865,1859,1854,1848
臺中市北屯區,66000080,2256,2255,2367,2418,2491,2660,2794,2953,2997,2944,2941,2938,2935,2932,2929,2926,2912,2897,2883,2868
臺中市豐原區,66000090,1554,1536,1577,1589,1598,1625,1634,1690,1677,1595,1589,1590,1582,1577,1573,1570,1561,1560,1560,1559
臺中市東勢區,66000100,414,386,384,365,354,362,369,383,382,355,356,353,342,335,333,331,330,328,328,326
臺中市大甲區,66000110,720,698,706,703,706,741,774,811,813,765,804,804,811,727,727,727,727,727,727,694
臺中市清水區,66000120,840,816,821,812,810,818,831,855,867,840,821,821,830,850,859,860,862,863,863,878
臺中市沙鹿區,66000130,947,972,1019,1029,1060,1117,1178,1205,1200,1133,1122,1110,1099,1088,1077,1067,1056,813,813,813
臺中市梧棲區,66000140,584,570,578,574,587,608,631,655,654,639,588,572,572,572,572,572,572,571,570,572
臺中市后里區,66000150,542,526,538,525,527,539,542,552,554,519,519,519,519,519,519,519,511,506,484,484
臺中市神岡區,66000160,612,605,630,627,628,639,650,665,663,624,620,615,615,615,615,615,615,615,615,577
臺中市潭子區,66000170,1032,1034,1068,1077,1077,1099,1116,1141,1137,1085,1067,1061,1118,1071,1071,879,879,767,767,767
臺中市大雅區,66000180,921,911,935,923,936,982,1013,1052,1070,1013,1016,1026,996,913,827,813,813,813,867,867
臺中市新社區,66000190,235,219,214,208,206,202,202,200,193,177,171,168,158,153,153,152,152,152,150,150
臺中市石岡區,66000200,140,130,129,122,114,111,111,112,109,100,98,95,88,87,84,81,79,77,69,68
臺中市外埔區,66000210,311,297,296,289,287,298,298,308,307,291,272,272,271,270,270,270,268,267,267,267
臺中市大安區,66000220,189,176,169,160,159,159,158,160,170,162,147,147,144,141,137,147,147,129,127,123
臺中市烏日區,66000230,667,651,666,669,687,719,758,791,811,782,806,801,623,615,615,615,702,720,720,831
臺中市大肚區,66000240,530,524,534,533,548,551,571,588,572,536,553,552,552,552,554,554,554,554,554,554
臺中市龍井區,66000250,867,848,842,839,827,843,858,879,868,806,803,803,801,796,796,796,773,754,727,727
臺中市霧峰區,66000260,559,540,557,552,565,584,608,644,648,635,635,629,629,629,629,629,625,625,610,615
臺中市太平區,66000270,1588,1606,1674,1732,1772,1877,1960,2067,2096,2054,2054,2054,2054,2046,2038,2029,2021,2013,2011,2009
臺中市大里區,66000280,1939,1966,2042,2059,2100,2181,2246,2335,2298,2178,2176,2174,2171,2169,2154,2139,2124,2109,2094,2080
臺中市和平區,66000290,99,96,91,91,87,85,88,93,89,87,89,85,84,83,80,80,79,78,77,75
臺南市新營區,67000010,581,600,619,616,613,616,626,648,645,603,601,599,598,596,594,593,593,592,592,591
臺南市鹽水區,67000020,196,189,187,186,181,175,174,174,168,162,156,155,150,149,158,158,158,154,153,158
臺南市白河區,67000030,207,192,189,183,178,171,160,167,161,151,149,149,147,147,145,143,152,152,152,150
臺南市柳營區,67000040,153,143,135,128,127,124,131,138,136,134,132,129,127,124,120,120,120,118,118,118
臺南市後壁區,67000050,178,166,165,154,142,142,141,137,129,120,118,111,109,102,99,95,94,91,89,86
臺南市東山區,67000060,164,145,131,126,128,125,119,125,125,111,99,90,79,68,54,39,34,34,33,32
臺南市麻豆區,67000070,324,320,325,329,336,346,342,350,342,324,324,323,323,323,322,322,322,321,321,321
臺南市下營區,67000080,188,177,174,174,167,169,171,168,165,157,149,146,145,139,150,131,130,126,123,117
臺南市六甲區,67000090,175,172,165,165,163,162,158,162,161,149,148,147,145,144,152,152,152,152,148,148
臺南市官田區,67000100,169,160,161,152,145,145,146,149,146,142,141,144,141,144,153,153,153,153,154,153
臺南市大內區,67000110,77,72,71,67,63,61,57,52,49,44,41,40,37,36,35,31,30,30,27,26
臺南市佳里區,67000120,459,455,463,459,463,465,467,484,478,465,463,461,459,458,456,454,452,450,449,447
臺南市學甲區,67000130,206,202,204,197,186,187,182,180,169,160,156,149,146,141,130,126,115,103,99,86
臺南市西港區,67000140,182,178,176,173,173,177,181,186,187,180,179,178,175,173,172,170,177,177,177,461
臺南市七股區,67000150,164,152,143,138,130,129,126,125,118,107,103,97,89,80,71,62,53,51,52,52
臺南市將軍區,67000160,130,125,123,121,122,119,115,114,114,102,98,95,94,88,86,80,76,70,67,61
臺南市北門區,67000170,94,85,85,79,75,72,70,66,63,55,52,49,44,41,36,34,32,32,32,30
臺南市新化區,67000180,331,332,335,332,333,339,342,352,349,333,324,321,296,282,281,272,266,236,222,208
臺南市善化區,67000190,384,404,431,450,476,498,524,558,571,570,552,570,570,570,570,570,570,570,570,570
臺南市新市區,67000200,290,303,316,320,339,349,369,382,393,380,379,379,379,380,381,381,463,470,476,484
臺南市安定區,67000210,248,246,253,246,247,245,254,263,253,243,245,244,244,244,244,245,245,245,243,235
臺南市山上區,67000220,47,45,48,46,47,49,46,51,51,45,45,45,45,45,44,45,44,45,44,45
臺南市玉井區,67000230,107,99,96,86,80,80,78,82,82,78,78,78,78,78,78,78,77,76,75,74
臺南市楠西區,67000240,72,69,68,67,69,65,60,58,53,45,48,43,40,36,34,30,28,27,27,27
臺南市南化區,67000250,61,62,63,64,66,61,59,59,60,56,53,53,53,52,53,53,53,53,53,53
臺南市左鎮區,67000260,32,29,27,26,25,22,21,17,17,17,23,23,23,23,23,23,23,23,23,23
臺南市仁德區,67000270,581,600,628,638,649,664,678,709,702,670,644,644,615,615,615,615,615,615,615,615
臺南市歸仁區,67000280,541,551,579,574,584,604,610,639,643,614,632,615,615,615,615,614,614,589,594,597
臺南市關廟區,67000290,272,253,255,251,244,247,247,253,253,242,238,238,225,225,219,215,209,211,210,210
臺南市龍崎區,67000300,22,23,26,26,29,26,22,19,16,15,15,15,15,15,15,15,14,14,14,13
臺南市永康區,67000310,2002,2094,2214,2276,2306,2363,2382,2476,2447,2317,2247,2247,2374,2307,2307,2307,2304,2299,2221,2221
臺南市東區,67000320,1679,1694,1707,1684,1666,1649,1627,1636,1608,1499,1473,1475,1465,1460,1453,1453,1447,1408,1408,1371
臺南市南區,67000330,865,883,912,901,908,926,929,963,947,894,925,915,915,907,904,900,878,878,862,878
臺南市北區,67000340,1255,1257,1281,1258,1259,1257,1250,1262,1232,1224,1200,1176,1152,1129,1118,1107,1095,1084,1074,1063
臺南市安南區,67000350,1691,1724,1826,1863,1926,1966,1983,2037,2045,1946,1852,1762,1745,1727,1710,1693,1676,1659,1642,1626
臺南市安平區,67000360,639,635,648,640,625,619,622,651,644,623,623,615,615,615,615,615,614,615,609,615
臺南市中西區,67000370,565,588,603,605,609,614,611,615,612,594,592,589,587,585,580,575,571,570,565,565
桃園市桃園區,68000010,4395,4301,4246,3800,3922,4254,4449,4714,4800,4705,4705,4691,4677,4663,4649,4635,4602,4588,4556,4543
桃園市中壢區,68000020,4018,3889,3899,3545,3692,3976,4205,4507,4647,4544,4507,4507,4507,4507,4507,4507,4507,4507,4507,4507
桃園市大溪區,68000030,2148,2117,2125,1979,799,850,888,935,954,936,922,907,908,912,907,838,709,709,709,813
桃園市楊梅區,68000040,1807,1757,1766,1614,1543,1656,1732,1866,1924,1889,1887,1885,1883,1878,1872,1866,1861,1859,1857,1855
桃園市蘆竹區,68000050,1705,1659,1667,1466,1746,1841,1896,1986,1998,1926,1946,1944,1942,1940,1938,1930,1923,1915,1905,1896
桃園市大園區,68000060,945,913,889,785,828,861,896,950,990,983,970,954,954,954,954,953,952,951,951,949
桃園市龜山區,68000070,1985,1922,1918,1727,1426,1542,1690,1814,1888,1827,1822,1816,1811,1805,1787,1769,1752,1734,1720,1706
桃園市八德區,68000080,915,875,881,803,1667,1857,2026,2205,2285,2308,1824,1470,1470,1307,1307,1307,1307,1307,1307,1307
桃園市龍潭區,68000090,1517,1455,1464,1364,1022,1097,1166,1233,1266,1251,1054,955,945,823,813,723,709,695,670,652
桃園市平鎮區,68000100,1138,1094,1093,987,2033,2241,2363,2519,2565,2512,2507,2502,2497,2492,2487,2475,2462,2450,2445,2440
桃園市新屋區,68000110,460,427,407,338,348,362,380,401,414,404,361,334,330,327,326,325,325,326,329,329
桃園市觀音區,68000120,655,606,624,566,587,611,625,665,693,681,719,712,705,698,691,690,689,689,688,687
桃園市復興區,68000130,149,144,144,135,144,147,152,158,160,158,158,158,156,156,156,156,156,155,153,153
