TOWN_NAME,TOWN_ID,year_99,year_100,year_101,year_102,year_103,year_104,year_105,year_106,year_107,year_108,year_109,year_110,year_111,year_112,year_113,year_114,year_115,year_116,year_117,year_118
連江縣南竿鄉,9007010,80,86,91,99,102,106,109,114,121,131,134,136,149,149,149,161,178,195,197,228
連江縣北竿鄉,9007020,26,27,29,32,36,37,40,44,49,52,54,54,54,62,68,68,68,73,78,78
連江縣莒光鄉,9007030,23,23,26,27,27,27,29,31,33,35,38,39,39,39,41,41,41,41,41,46
連江縣東引鄉,9007040,11,11,11,12,13,14,14,15,17,18,21,21,22,22,22,23,23,24,24,25
金門縣金城鎮,9020010,530,570,601,631,664,693,724,794,848,922,935,963,972,994,994,1023,1014,1086,1086,1086
金門縣金沙鎮,9020020,326,340,350,367,384,393,408,435,459,487,515,523,526,530,531,576,580,576,576,586
金門縣金湖鎮,9020030,345,375,393,412,435,459,482,522,555,590,606,615,616,701,758,764,810,810,831,835
金門縣金寧鄉,9020040,338,353,369,389,413,428,451,498,524,571,588,606,617,621,621,622,622,622,646,644
金門縣烈嶼鄉,9020050,205,213,216,225,237,244,247,266,274,290,319,319,321,361,362,362,383,399,402,407
宜蘭縣宜蘭市,10002010,1637,1657,1714,1748,1805,1870,1934,2031,2122,2201,2211,2246,2264,2271,2306,2353,2536,2505,2505,2522
宜蘭縣羅東鎮,10002020,1235,1252,1267,1303,1348,1402,1451,1553,1628,1698,1658,1693,1763,1765,1804,1857,1875,1969,1969,1998
宜蘭縣蘇澳鎮,10002030,953,951,958,972,987,1015,1034,1079,1110,1139,1160,1190,1236,1276,1301,1322,1360,1410,1445,1464
宜蘭縣頭城鎮,10002040,679,678,675,686,695,703,718,731,751,770,781,794,804,815,825,835,846,856,867,878
宜蘭縣礁溪鄉,10002050,779,784,784,794,812,831,855,890,925,947,961,966,980,1002,1018,1033,1154,1081,1191,1192
宜蘭縣壯圍鄉,10002060,531,532,531,534,540,545,559,576,594,614,651,659,681,703,719,731,731,738,799,799
宜蘭縣員山鄉,10002070,718,718,701,702,709,721,741,767,782,806,807,819,828,847,863,883,897,912,923,938
宜蘭縣冬山鄉,10002080,1020,1031,1034,1055,1074,1107,1138,1197,1248,1302,1294,1294,1391,1391,1461,1468,1473,1493,1516,1540
宜蘭縣五結鄉,10002090,782,788,796,808,827,850,873,912,947,985,972,1018,1038,1045,1014,1047,1048,1063,1043,1069
宜蘭縣三星鄉,10002100,555,556,554,555,563,575,585,605,621,637,654,671,688,703,718,731,742,753,762,770
宜蘭縣大同鄉,10002110,80,78,80,79,81,81,83,84,87,91,96,96,101,101,109,116,132,132,132,134
宜蘭縣南澳鄉,10002120,77,76,76,74,75,76,75,78,82,87,86,89,89,89,89,97,102,102,109,109
新竹縣竹北市,10004010,1479,1508,1564,1640,1729,1827,1912,2056,2178,2309,2283,2458,2601,2849,2959,3091,3190,3276,3531,3849
新竹縣竹東鎮,10004020,1628,1626,1652,1679,1722,1773,1814,1886,1938,2011,2078,2081,2105,2115,2141,2141,2201,2218,2235,2235
新竹縣新埔鎮,10004030,844,836,839,846,854,873,885,910,935,956,925,957,995,974,974,974,976,954,956,956
新竹縣關西鎮,10004040,868,864,851,845,856,859,865,873,881,885,890,892,894,895,895,896,896,896,896,896
新竹縣湖口鄉,10004050,1176,1185,1203,1211,1237,1274,1310,1374,1433,1492,1605,1608,1608,1660,1739,1763,1760,1844,1858,1886
新竹縣新豐鄉,10004060,748,751,759,772,799,817,842,894,936,981,1025,1027,1035,1032,1108,1123,1151,1207,1232,1245
新竹縣芎林鄉,10004070,457,457,458,462,467,480,484,506,519,533,539,543,543,542,542,544,549,557,568,580
新竹縣橫山鄉,10004080,414,412,408,411,412,413,416,419,422,428,429,432,434,436,438,439,440,441,442,443
新竹縣北埔鄉,10004090,294,290,286,286,284,286,285,286,289,295,285,285,310,310,322,322,350,350,382,384
新竹縣寶山鄉,10004100,297,298,296,297,304,307,309,318,329,340,346,353,360,366,373,379,386,393,400,406
新竹縣峨眉鄉,10004110,214,211,211,212,211,213,214,214,215,217,218,219,220,221,222,224,225,226,227,228
新竹縣尖石鄉,10004120,101,101,102,102,106,107,111,116,122,128,125,132,132,132,132,134,134,134,138,138
新竹縣五峰鄉,10004130,63,64,64,65,66,65,67,74,79,83,82,87,87,93,93,93,93,93,100,100
苗栗縣苗栗市,10005010,1729,1755,1801,1851,1904,1966,2018,2137,2209,2294,2248,2259,2321,2355,2355,2365,2365,2365,2365,2396
苗栗縣苑裡鎮,10005020,981,982,984,981,994,1010,1022,1057,1080,1108,1103,1171,1146,1161,1190,1195,1243,1250,1247,1249
苗栗縣通霄鎮,10005030,930,927,926,933,941,962,964,992,1006,1028,1038,1027,1027,1037,1037,1028,1028,1051,1030,1030
苗栗縣竹南鎮,10005040,1096,1128,1168,1205,1247,1303,1348,1438,1509,1586,1548,1639,1639,1738,1807,1807,1831,1836,1902,1967
苗栗縣頭份市,10005050,1463,1497,1536,1587,1642,1706,1754,1869,1944,2039,2079,2154,2230,2258,2268,2286,2286,2321,2389,2358
苗栗縣後龍鎮,10005060,925,926,929,920,927,932,936,953,971,982,993,998,998,1001,1004,1010,1020,1031,1042,1052
苗栗縣卓蘭鎮,10005070,441,443,445,452,460,476,486,504,515,524,539,540,553,553,562,562,581,594,596,603
苗栗縣大湖鄉,10005080,452,440,435,434,432,435,440,446,451,459,434,434,439,439,439,480,493,472,472,482
苗栗縣公館鄉,10005090,746,744,754,762,774,781,790,821,833,856,845,880,902,918,936,936,942,942,982,998
苗栗縣銅鑼鄉,10005100,482,475,477,479,481,482,485,499,508,514,530,530,534,540,540,540,559,559,573,573
苗栗縣南庄鄉,10005110,321,314,307,305,300,300,302,306,307,310,315,321,324,329,333,337,340,343,346,347
苗栗縣頭屋鄉,10005120,279,280,283,289,291,295,301,306,313,320,325,332,338,344,351,357,364,370,376,383
苗栗縣三義鄉,10005130,357,354,356,361,367,374,375,395,404,414,357,357,397,397,398,429,429,429,448,448
苗栗縣西湖鄉,10005140,262,256,253,250,252,249,244,248,250,254,256,258,262,264,267,269,271,273,274,275
苗栗縣造橋鄉,10005150,294,292,297,302,308,314,316,333,344,350,304,330,332,336,336,336,343,343,346,388
苗栗縣三灣鄉,10005160,214,212,214,210,210,210,211,212,215,219,220,223,224,226,228,229,231,233,235,236
苗栗縣獅潭鄉,10005170,186,182,180,179,177,175,173,174,175,176,178,180,183,185,188,189,192,193,195,196
苗栗縣泰安鄉,10005180,114,114,111,112,112,112,115,117,120,124,118,126,133,133,128,132,136,141,146,141
彰化縣彰化市,10007010,3591,3661,3806,3952,4111,4324,4494,4848,5079,5333,5145,5308,5470,5631,5949,6020,6078,6448,6698,7050
彰化縣鹿港鎮,10007020,1388,1405,1443,1486,1534,1590,1634,1723,1793,1868,1781,1828,1943,1946,1946,2022,2048,2055,2071,2089
彰化縣和美鎮,10007030,1255,1267,1304,1346,1404,1458,1518,1640,1731,1819,1822,1908,1934,1993,2115,2230,2286,2330,2332,2369
彰化縣線西鄉,10007040,290,288,291,298,307,319,326,339,350,364,354,354,354,356,382,422,422,423,423,426
彰化縣伸港鄉,10007050,554,560,568,578,592,610,628,660,683,719,750,758,803,829,848,931,955,987,1030,1115
彰化縣福興鄉,10007060,869,868,880,891,911,923,948,991,1030,1067,1135,1159,1159,1215,1237,1282,1282,1282,1287,1287
彰化縣秀水鄉,10007070,631,632,637,650,667,686,705,746,776,804,780,835,857,864,865,910,919,965,965,965
彰化縣花壇鄉,10007080,714,719,738,766,789,822,850,901,940,989,1011,1011,1011,1011,1061,1061,1061,1061,1115,1115
彰化縣芬園鄉,10007090,577,571,573,577,587,600,613,633,642,658,685,685,690,634,634,634,686,691,704,704
彰化縣員林市,10007100,1926,1946,2007,2083,2175,2288,2379,2549,2679,2810,2774,2899,2981,3048,3048,3085,3085,3118,3249,3375
彰化縣溪湖鎮,10007110,949,958,975,997,1015,1039,1064,1097,1133,1177,1227,1283,1299,1330,1411,1431,1485,1634,1658,1728
彰化縣田中鎮,10007120,970,966,972,988,1005,1028,1039,1081,1105,1138,1103,1160,1243,1243,1248,1266,1288,1288,1315,1315
彰化縣大村鄉,10007130,616,612,620,637,650,671,688,729,763,801,771,811,835,849,871,873,885,930,968,1008
彰化縣埔鹽鄉,10007140,771,776,781,785,797,808,824,847,856,872,873,872,949,936,949,949,1002,987,1009,1009
彰化縣埔心鄉,10007150,620,620,632,647,662,687,702,731,757,778,778,791,791,868,868,899,941,941,941,985
彰化縣永靖鄉,10007160,714,718,731,744,760,775,793,827,851,882,844,899,912,912,912,998,998,998,1039,1074
彰化縣社頭鄉,10007170,800,800,814,833,859,887,917,955,992,1029,1026,1080,1093,1094,1109,1129,1166,1168,1200,1218
彰化縣二水鄉,10007180,478,478,474,479,488,496,502,510,518,527,533,537,541,544,547,550,554,557,561,565
彰化縣北斗鎮,10007190,601,608,617,639,663,683,703,747,771,801,784,791,791,800,800,830,899,899,899,899
彰化縣二林鎮,10007200,1241,1249,1272,1290,1317,1335,1358,1388,1416,1440,1459,1459,1460,1496,1496,1496,1496,1519,1519,1495
彰化縣田尾鄉,10007210,610,605,608,620,632,633,646,659,669,683,691,698,701,701,701,703,705,705,703,701
彰化縣埤頭鄉,10007220,709,713,721,732,744,756,769,801,815,836,814,814,829,829,829,836,838,838,838,859
彰化縣芳苑鄉,10007230,1003,1013,1013,1023,1034,1033,1042,1062,1077,1083,1092,1101,1111,1122,1132,1143,1153,1164,1173,1184
彰化縣大城鄉,10007240,584,591,589,598,606,610,611,616,621,620,626,631,634,637,641,645,648,652,655,659
彰化縣竹塘鄉,10007250,467,469,465,472,479,485,486,493,499,505,510,515,521,526,536,547,552,558,564,569
彰化縣溪州鄉,10007260,775,780,788,798,803,823,835,851,869,880,889,899,911,927,943,957,969,980,992,1004
南投縣南投市,10008010,1863,1886,1916,1964,2021,2099,2158,2284,2378,2471,2408,2445,2559,2559,2559,2588,2648,2648,2693,2753
南投縣埔里鎮,10008020,1621,1643,1662,1692,1744,1787,1829,1938,2012,2091,2067,2069,2122,2155,2232,2276,2294,2306,2315,2377
南投縣草屯鎮,10008030,1711,1733,1774,1834,1900,1963,2026,2166,2271,2374,2296,2323,2374,2391,2423,2547,2573,2573,2504,2506
南投縣竹山鎮,10008040,1272,1281,1301,1336,1365,1393,1432,1480,1523,1568,1551,1582,1597,1615,1620,1620,1640,1717,1719,1666
南投縣集集鎮,10008050,323,323,320,325,333,339,341,343,345,346,324,324,324,351,351,351,356,356,356,356
南投縣名間鄉,10008060,940,943,951,970,987,1005,1017,1049,1066,1092,1090,1113,1113,1095,1110,1110,1126,1133,1133,1139
南投縣鹿谷鄉,10008070,527,528,528,532,542,545,553,569,583,600,613,613,632,651,651,653,660,655,657,657
南投縣中寮鄉,10008080,475,478,477,478,480,481,483,488,491,497,498,498,499,502,505,507,511,514,516,517
南投縣魚池鄉,10008090,454,456,454,455,459,468,475,490,494,505,461,467,507,507,511,515,517,540,506,509
南投縣國姓鄉,10008100,538,534,531,533,537,546,546,557,562,574,543,572,595,595,595,613,621,624,584,599
南投縣水里鄉,10008110,517,511,507,506,507,519,526,538,547,564,542,562,569,628,638,654,655,692,692,708
南投縣信義鄉,10008120,254,250,249,247,252,254,261,271,277,286,280,304,304,304,331,331,331,371,369,398
南投縣仁愛鄉,10008130,209,212,211,217,218,227,235,246,257,269,252,252,252,276,276,281,281,281,281,281
雲林縣斗六市,10009010,1764,1781,1825,1873,1932,1990,2056,2176,2263,2359,2319,2405,2563,2683,2782,2901,2958,3026,3157,3298
雲林縣斗南鎮,10009020,989,997,1006,1020,1047,1061,1088,1124,1151,1194,1188,1215,1237,1274,1312,1352,1383,1389,1505,1528
雲林縣虎尾鎮,10009030,1318,1341,1359,1394,1426,1468,1510,1581,1621,1669,1664,1683,1706,1709,1725,1758,1765,1782,1860,1870
雲林縣西螺鎮,10009040,1054,1064,1081,1098,1119,1143,1176,1203,1220,1241,1177,1221,1221,1266,1282,1287,1347,1291,1297,1307
雲林縣土庫鎮,10009050,734,751,757,766,775,791,801,821,836,851,851,851,860,887,887,887,896,930,930,964
雲林縣北港鎮,10009060,1008,1010,1021,1035,1047,1069,1085,1121,1133,1150,1143,1155,1156,1170,1170,1199,1199,1199,1199,1221
雲林縣古坑鄉,10009070,882,883,899,911,916,932,944,967,978,994,1007,1024,1038,1053,1068,1083,1098,1113,1128,1143
雲林縣大埤鄉,10009080,548,543,546,555,559,566,576,587,592,597,606,613,620,627,635,643,650,658,666,673
雲林縣莿桐鄉,10009090,644,658,666,675,693,707,727,757,780,802,753,761,766,766,788,824,824,819,828,888
雲林縣林內鄉,10009100,435,436,441,450,459,461,474,485,491,503,506,514,523,530,539,548,555,563,571,579
雲林縣二崙鄉,10009110,813,831,843,845,850,859,874,888,899,899,910,918,926,933,940,947,953,960,965,971
雲林縣崙背鄉,10009120,658,665,672,679,697,706,725,754,765,783,800,801,800,796,797,808,832,867,909,947
雲林縣麥寮鄉,10009130,613,636,647,665,687,693,722,763,798,835,801,861,861,868,868,890,936,944,944,970
雲林縣東勢鄉,10009140,443,445,453,456,469,473,482,489,498,499,504,506,519,519,533,535,523,524,524,524
雲林縣褒忠鄉,10009150,341,346,354,358,363,365,376,383,397,408,423,440,460,484,510,542,578,620,669,726
雲林縣臺西鄉,10009160,668,671,666,668,668,668,682,687,694,701,708,715,721,727,731,734,736,737,736,733
雲林縣元長鄉,10009170,855,859,863,871,876,882,896,916,926,934,943,954,965,976,987,998,1010,1021,1033,1044
雲林縣四湖鄉,10009180,774,772,765,761,768,763,769,767,770,773,785,780,776,779,814,774,780,817,862,839
雲林縣口湖鄉,10009190,744,748,749,751,759,761,769,778,784,796,804,812,806,806,803,805,804,800,805,805
雲林縣水林鄉,10009200,911,914,915,911,920,924,928,933,939,937,942,939,942,942,944,944,945,945,945,944
嘉義縣太保市,10010010,614,620,630,648,661,680,699,733,755,783,811,836,860,883,904,924,945,965,986,1009
嘉義縣朴子市,10010020,1013,1016,1025,1037,1054,1062,1078,1110,1144,1173,1184,1189,1208,1243,1281,1306,1314,1320,1341,1378
嘉義縣布袋鎮,10010030,766,759,757,762,770,778,789,809,829,839,848,854,859,864,868,873,878,882,887,891
嘉義縣大林鎮,10010040,873,870,880,888,903,912,932,957,972,989,986,1001,1023,1045,1050,1068,1078,1084,1066,1130
嘉義縣民雄鄉,10010050,1283,1296,1328,1361,1405,1446,1491,1560,1623,1691,1704,1710,1739,1765,1849,1888,1911,1953,1963,2016
嘉義縣溪口鄉,10010060,495,494,495,496,500,500,505,512,517,521,525,529,533,537,542,546,550,554,558,563
嘉義縣新港鄉,10010070,890,886,894,910,921,929,942,961,973,990,995,1049,1061,1066,1066,1084,1107,1136,1119,1119
嘉義縣六腳鄉,10010080,869,865,860,871,874,879,890,891,893,887,926,926,926,933,933,933,974,974,1011,1012
嘉義縣東石鄉,10010090,830,818,815,812,817,830,836,844,839,843,846,850,857,861,865,869,873,877,881,886
嘉義縣義竹鄉,10010100,662,658,650,659,670,670,671,680,694,696,701,701,704,704,705,710,714,716,718,721
嘉義縣鹿草鄉,10010110,556,554,552,561,562,565,573,580,594,600,606,611,616,620,623,625,626,627,628,627
嘉義縣水上鄉,10010120,1055,1053,1064,1091,1112,1137,1164,1214,1262,1313,1294,1331,1336,1420,1451,1480,1499,1570,1570,1584
嘉義縣中埔鄉,10010130,921,914,933,958,984,1014,1039,1096,1140,1187,1190,1193,1215,1227,1232,1247,1257,1257,1258,1258
嘉義縣竹崎鄉,10010140,878,878,887,906,924,946,971,1014,1038,1072,1035,1094,1108,1108,1108,1110,1151,1192,1192,1191
嘉義縣梅山鄉,10010150,586,585,591,594,602,612,622,640,653,672,674,674,706,706,706,708,708,708,725,724
嘉義縣番路鄉,10010160,278,287,294,298,303,310,318,328,336,345,354,363,371,380,388,396,404,411,418,425
嘉義縣大埔鄉,10010170,78,79,80,83,88,93,97,107,114,120,118,118,118,118,119,119,120,120,120,120
嘉義縣阿里山鄉,10010180,109,109,106,108,109,113,116,120,125,130,128,128,136,177,177,197,201,235,287,335
屏東縣屏東市,10013010,3449,3484,3572,3689,3828,3976,4130,4407,4619,4824,4617,4822,4758,4963,4970,5084,5079,5224,5148,5386
屏東縣潮州鎮,10013020,940,940,961,999,1043,1089,1134,1212,1267,1330,1312,1288,1315,1380,1481,1504,1510,1552,1608,1647
屏東縣東港鎮,10013030,727,735,752,790,820,852,900,949,1004,1041,1007,1009,1032,1093,1100,1126,1127,1136,1177,1177
屏東縣恆春鎮,10013040,611,600,608,607,618,630,637,647,667,698,680,690,695,708,719,721,734,734,734,734
屏東縣萬丹鄉,10013050,930,942,962,995,1019,1058,1088,1140,1182,1230,1198,1240,1248,1258,1267,1267,1279,1323,1323,1345
屏東縣長治鄉,10013060,593,598,614,629,645,660,681,716,741,767,771,775,811,817,842,851,855,855,855,852
屏東縣麟洛鄉,10013070,254,255,260,268,278,287,297,314,326,339,348,360,369,380,388,399,406,416,423,433
屏東縣九如鄉,10013080,415,415,426,437,446,466,476,498,518,537,541,541,553,567,570,574,575,575,605,617
屏東縣里港鄉,10013090,552,554,562,572,589,604,617,643,658,671,679,685,691,693,696,704,733,734,734,769
屏東縣鹽埔鄉,10013100,531,534,540,558,570,579,597,616,640,654,665,680,687,687,651,651,653,675,677,693
屏東縣高樹鄉,10013110,756,754,769,781,789,800,816,841,851,864,881,891,902,918,933,948,964,977,990,1004
屏東縣萬巒鄉,10013120,527,522,525,528,534,542,550,573,587,612,603,615,639,647,667,662,662,660,700,764
屏東縣內埔鄉,10013130,1227,1226,1240,1265,1283,1326,1359,1405,1455,1494,1496,1503,1605,1605,1605,1664,1664,1710,1710,1790
屏東縣竹田鄉,10013140,443,445,452,460,469,479,488,504,519,532,533,539,542,547,555,555,555,559,563,563
屏東縣新埤鄉,10013150,270,268,270,276,280,287,291,301,312,320,322,324,324,324,324,324,325,325,325,325
屏東縣枋寮鄉,10013160,576,574,586,597,612,631,655,677,702,724,681,681,698,705,733,738,738,738,741,741
屏東縣新園鄉,10013170,698,702,713,735,754,780,801,838,865,887,871,907,910,934,957,957,965,965,992,993
屏東縣崁頂鄉,10013180,283,284,285,292,300,306,312,330,344,361,376,392,411,433,457,483,510,541,573,609
屏東縣林邊鄉,10013190,469,468,477,487,496,513,513,528,544,564,585,581,584,586,586,586,586,591,605,605
屏東縣南州鄉,10013200,292,293,295,297,303,310,316,327,340,350,324,324,328,328,328,329,331,331,357,357
屏東縣佳冬鄉,10013210,542,540,548,558,562,566,573,589,603,612,615,619,640,654,617,620,624,633,647,662
屏東縣琉球鄉,10013220,199,201,207,217,225,241,251,272,286,299,287,287,287,310,327,327,328,328,359,359
屏東縣車城鄉,10013230,274,269,267,269,272,271,271,271,270,275,276,279,307,337,344,351,361,372,380,384
屏東縣滿州鄉,10013240,200,194,194,197,197,198,200,206,212,219,211,211,211,211,211,227,227,227,250,250
屏東縣枋山鄉,10013250,134,133,135,135,141,144,147,150,152,153,156,212,303,471,964,2114,3688,3715,3715,3715
屏東縣三地門鄉,10013260,108,107,107,110,110,113,116,120,127,133,125,125,132,132,132,132,132,132,134,134
屏東縣霧臺鄉,10013270,58,59,59,62,64,63,66,68,71,72,72,73,73,73,73,73,73,73,73,73
屏東縣瑪家鄉,10013280,102,100,100,103,104,107,109,110,114,116,121,121,126,126,130,131,135,137,140,142
屏東縣泰武鄉,10013290,68,66,64,64,66,69,71,75,81,85,82,82,87,87,93,93,94,109,118,118
屏東縣來義鄉,10013300,103,101,99,106,107,109,114,118,120,128,125,125,125,132,132,132,135,135,135,138
屏東縣春日鄉,10013310,73,72,71,72,74,75,77,79,82,85,84,89,89,103,103,112,112,118,118,118
屏東縣獅子鄉,10013320,63,63,63,65,67,68,72,80,84,92,99,105,111,116,120,124,126,128,128,127
屏東縣牡丹鄉,10013330,81,82,83,84,84,87,87,95,98,103,101,101,101,108,108,108,108,108,108,108
臺東縣臺東市,10014010,1853,1860,1906,1947,2012,2080,2141,2256,2352,2436,2364,2416,2461,2461,2619,2680,2689,2788,2788,2788
臺東縣成功鎮,10014020,366,366,371,373,380,389,393,405,414,424,431,442,450,462,470,483,492,506,419,533
臺東縣關山鎮,10014030,229,229,232,234,235,235,242,246,254,259,256,261,267,267,267,268,268,280,308,328
臺東縣卑南鄉,10014040,422,413,411,408,407,404,412,433,439,453,434,434,438,482,481,481,495,495,539,542
臺東縣鹿野鄉,10014050,217,219,221,224,226,225,230,234,240,246,236,236,246,246,246,246,246,246,246,271
臺東縣池上鄉,10014060,243,240,238,240,246,248,255,257,263,265,261,261,261,261,261,261,261,261,278,278
臺東縣東河鄉,10014070,269,270,270,270,272,273,276,280,286,292,279,279,280,280,280,287,287,291,291,296
臺東縣長濱鄉,10014080,257,254,254,251,251,253,253,255,253,254,254,255,255,255,256,256,256,257,257,257
臺東縣太麻里鄉,10014090,265,265,271,275,278,283,290,301,309,316,320,325,329,335,340,345,350,354,359,363
臺東縣大武鄉,10014100,119,117,117,118,122,124,129,133,137,138,136,136,143,156,156,156,156,158,158,158
臺東縣綠島鄉,10014110,45,46,48,50,55,56,58,63,67,70,75,75,77,81,88,88,88,102,111,111
臺東縣海端鄉,10014120,46,45,45,46,45,46,48,50,51,53,54,57,54,54,58,58,58,58,58,58
臺東縣延平鄉,10014130,36,37,36,39,41,42,42,44,47,48,53,53,53,53,53,53,53,53,53,53
臺東縣金峰鄉,10014140,46,45,46,45,45,45,46,50,53,54,61,65,65,65,66,66,66,74,80,80
臺東縣達仁鄉,10014150,56,55,56,56,56,57,58,62,66,66,76,76,77,77,77,77,77,82,87,87
臺東縣蘭嶼鄉,10014160,46,47,47,48,50,51,51,55,57,59,65,65,73,80,80,80,82,82,88,88
花蓮縣花蓮市,10015010,1787,1805,1837,1874,1928,2013,2080,2205,2312,2418,2415,2441,2617,2661,2749,2850,2880,3019,3019,3085
花蓮縣鳳林鎮,10015020,374,373,372,377,379,382,386,393,400,406,394,394,394,394,397,397,397,421,421,421
花蓮縣玉里鎮,10015030,699,688,690,693,702,707,717,729,728,744,748,748,755,756,756,756,756,757,757,757
花蓮縣新城鄉,10015040,356,356,355,362,368,377,388,408,416,430,403,404,404,404,404,423,423,423,430,437
花蓮縣吉安鄉,10015050,1184,1224,1277,1336,1403,1488,1560,1696,1787,1899,1966,2017,2092,2163,2240,2240,2394,2585,2757,2805
花蓮縣壽豐鄉,10015060,476,475,471,468,470,480,494,513,519,532,498,547,521,572,450,650,655,909,909,2041
花蓮縣光復鄉,10015070,383,380,383,384,388,399,407,418,417,435,441,447,454,458,461,470,473,482,486,493
花蓮縣豐濱鄉,10015080,131,134,134,134,135,134,134,136,142,141,141,141,141,141,141,149,149,149,149,149
花蓮縣瑞穗鄉,10015090,329,333,341,337,343,348,357,365,375,384,387,387,388,388,393,393,395,396,401,407
花蓮縣富里鄉,10015100,336,332,335,337,340,343,346,352,355,360,362,365,366,367,367,367,366,365,364,363
花蓮縣秀林鄉,10015110,162,164,165,165,171,177,183,193,202,214,226,250,251,281,281,306,307,337,370,408
花蓮縣萬榮鄉,10015120,70,70,70,74,76,77,78,80,83,88,93,93,93,101,115,121,141,147,147,172
花蓮縣卓溪鄉,10015130,75,74,75,78,78,80,80,84,87,89,88,88,88,93,100,100,109,111,111,111
澎湖縣馬公市,10016010,1048,1064,1070,1104,1143,1185,1215,1292,1344,1405,1449,1509,1529,1576,1610,1610,1674,1674,1709,1820
澎湖縣湖西鄉,10016020,359,356,351,355,357,364,365,377,389,401,376,403,408,408,408,409,409,409,450,450
澎湖縣白沙鄉,10016030,254,251,248,248,249,247,250,258,262,268,274,274,274,286,286,286,296,296,296,301
澎湖縣西嶼鄉,10016040,226,227,233,232,236,244,246,256,262,269,261,261,261,267,267,267,267,292,292,292
澎湖縣望安鄉,10016050,131,127,129,129,134,138,141,147,156,163,152,154,162,163,163,175,175,175,175,210
澎湖縣七美鄉,10016060,87,87,86,87,87,88,88,95,96,99,95,95,95,95,95,96,96,106,106,106
基隆市中正區,10017010,1009,1005,1030,1065,1107,1153,1192,1292,1346,1398,1441,1523,1575,1624,1665,1689,1784,1784,1769,1776
基隆市七堵區,10017020,829,842,861,895,934,988,1034,1116,1181,1254,1259,1313,1406,1406,1488,1537,1656,1656,1741,1792
基隆市暖暖區,10017030,559,560,572,585,618,651,673,726,763,806,808,867,884,920,962,967,1005,1004,1103,1178
基隆市仁愛區,10017040,1047,1045,1057,1073,1107,1138,1163,1217,1257,1297,1259,1281,1312,1324,1324,1344,1354,1352,1376,1382
基隆市中山區,10017050,909,910,933,953,975,1012,1042,1112,1168,1214,1254,1276,1286,1352,1357,1408,1387,1440,1435,1462
基隆市安樂區,10017060,1138,1146,1191,1244,1308,1396,1476,1627,1738,1861,1873,2012,2012,2073,2215,2238,2306,2353,2510,2675
基隆市信義區,10017070,860,869,889,925,974,1031,1072,1164,1246,1322,1367,1367,1434,1466,1551,1626,1628,1644,1704,1765
新竹市東區,10018010,2722,2768,2841,2928,3039,3168,3285,3514,3680,3854,3877,4144,4309,4655,4963,5026,5104,5463,5631,5842
新竹市北區,10018020,2216,2241,2307,2370,2468,2565,2666,2853,3006,3161,3339,3519,3662,3751,3752,3932,4045,4230,4574,4741
新竹市香山區,10018030,912,939,967,1006,1051,1103,1157,1246,1328,1425,1443,1504,1551,1599,1661,1749,1833,1912,1936,2027
嘉義市東區,10020010,2191,2224,2285,2354,2426,2499,2583,2754,2860,2983,3008,3019,3163,3209,3369,3409,3380,3519,3618,3720
嘉義市西區,10020020,2295,2326,2389,2467,2575,2666,2767,2967,3101,3235,3323,3503,3503,3548,3635,3737,3864,4015,3981,4268
臺北市松山區,63000010,4166,4279,4455,4635,4860,5086,5272,5566,5789,6001,6274,6729,6938,7248,7471,7620,7794,7935,7935,8230
臺北市信義區,63000020,4562,4648,4796,4996,5243,5491,5661,6000,6243,6464,6893,6892,7259,7491,7685,8085,8349,8490,8795,9004
臺北市大安區,63000030,6879,7029,7225,7513,7862,8218,8468,8916,9239,9578,10246,10246,10348,10452,10556,10662,10769,10855,10942,11029
臺北市中山區,63000040,4287,4385,4554,4747,5023,5304,5522,5900,6176,6461,6506,6554,6585,6596,6596,6622,6989,7347,7760,7760
臺北市中正區,63000050,3316,3359,3444,3566,3692,3841,3922,4104,4242,4371,4534,4534,4738,4733,4741,4832,5100,5100,5223,5385
臺北市大同區,63000060,2565,2591,2650,2739,2856,2974,3071,3240,3363,3481,3503,3576,3577,3556,3549,3587,3597,3639,3757,3781
臺北市萬華區,63000070,4327,4351,4429,4547,4711,4871,5013,5238,5385,5578,5619,5827,5918,6005,6300,6300,6284,6329,6700,6959
臺北市文山區,63000080,4578,4674,4817,5010,5252,5509,5694,6072,6355,6618,6972,6991,7347,7857,8138,8500,8641,9215,9447,9823
臺北市南港區,63000090,1929,1958,2027,2113,2241,2363,2459,2635,2764,2877,2932,3026,3157,3249,3444,3475,3533,3533,3816,3826
臺北市內湖區,63000100,3487,3564,3692,3878,4135,4404,4616,5050,5412,5768,5961,6357,6772,7321,7605,8003,8468,8878,9000,9021
臺北市士林區,63000110,5309,5420,5604,5846,6141,6474,6740,7210,7573,7940,8248,8642,8783,9338,9338,9576,9974,10249,10249,10249
臺北市北投區,63000120,4380,4472,4605,4800,5063,5342,5553,5947,6255,6554,6953,6963,7334,7760,8061,8508,8700,9305,9463,10051
高雄市鹽埕區,64000010,628,623,634,655,673,693,716,756,793,820,800,800,814,835,875,875,911,926,957,957
高雄市鼓山區,64000020,1969,1998,2094,2198,2325,2477,2601,2828,3009,3186,3434,3573,3919,4234,4447,4918,5176,5379,5802,6344
高雄市左營區,64000030,2752,2780,2817,2929,3051,3194,3325,3544,3706,3888,4030,4105,4394,4758,4842,5267,5452,5624,5749,6173
高雄市楠梓區,64000040,2155,2201,2305,2423,2558,2721,2870,3105,3298,3517,3747,3950,4153,4558,4982,5124,5406,5727,5727,5778
高雄市三民區,64000050,4951,5074,5289,5595,5952,6319,6677,7271,7727,8168,8608,8734,9100,9738,10017,10017,10017,10017,10017,10017
高雄市新興區,64000060,1212,1214,1248,1299,1352,1412,1462,1556,1621,1684,1677,1677,1682,1682,1748,1879,1879,1902,1956,1968
高雄市前金區,64000070,698,704,721,741,769,799,815,876,912,960,853,875,844,876,942,939,939,936,971,971
高雄市苓雅區,64000080,3361,3429,3574,3737,3919,4139,4342,4672,4895,5134,5204,5414,5564,5815,5831,5906,6240,6715,7001,7236
高雄市前鎮區,64000090,3270,3322,3428,3585,3764,3960,4134,4429,4652,4879,4748,4734,4786,5131,5241,5298,5169,5231,5109,5366
高雄市旗津區,64000100,503,500,523,541,560,585,602,636,671,699,669,705,708,742,770,795,822,869,892,921
高雄市小港區,64000110,1763,1797,1867,1989,2114,2270,2419,2698,2919,3114,3116,3153,3247,3389,3612,3619,3625,3697,3702,3764
高雄市鳳山區,64000120,4050,4299,4593,4925,5320,5746,6088,6723,7192,7670,8481,9242,10068,10290,10316,10339,10361,10385,10234,10249
高雄市林園區,64000130,984,1008,1036,1078,1129,1181,1236,1332,1410,1472,1472,1497,1580,1646,1657,1749,1907,1959,2014,2018
高雄市大寮區,64000140,1528,1555,1615,1700,1789,1897,1983,2148,2261,2402,2397,2400,2529,2607,2706,2783,2900,2994,3109,3109
高雄市大樹區,64000150,825,841,852,879,908,944,973,1021,1062,1095,1094,1112,1136,1143,1143,1158,1182,1190,1191,1192
高雄市大社區,64000160,456,468,491,526,553,591,626,669,715,763,772,777,788,854,858,887,922,916,927,975
高雄市仁武區,64000170,684,745,820,912,1009,1118,1210,1378,1503,1630,1546,1637,1733,1793,1885,2040,2096,2260,2386,2459
高雄市鳥松區,64000180,576,616,661,715,764,824,883,979,1051,1134,1141,1179,1229,1306,1436,1479,1480,1560,1724,1736
高雄市岡山區,64000190,1493,1513,1552,1613,1682,1772,1843,1968,2076,2164,2171,2173,2265,2290,2306,2340,2398,2443,2537,2636
高雄市橋頭區,64000200,626,643,663,697,732,773,809,879,923,986,991,1035,1035,1099,1122,1122,1196,1220,1279,1290
高雄市燕巢區,64000210,641,636,635,651,669,684,697,725,752,777,789,796,796,810,836,870,890,890,890,890
高雄市田寮區,64000220,297,297,293,294,294,296,297,301,300,302,279,285,262,285,228,319,320,550,561,1962
高雄市阿蓮區,64000230,517,521,534,550,563,581,599,630,657,684,680,710,737,749,756,764,765,787,785,791
高雄市路竹區,64000240,906,916,940,977,1009,1054,1094,1152,1209,1261,1228,1248,1258,1267,1308,1340,1354,1354,1354,1391
高雄市湖內區,64000250,502,510,530,548,564,592,609,644,666,700,671,674,693,716,717,721,768,799,799,805
高雄市茄萣區,64000260,578,586,592,608,639,670,694,723,748,781,734,782,788,795,795,798,798,858,908,910
高雄市永安區,64000270,216,217,222,226,239,249,257,271,288,300,264,264,287,304,304,304,304,304,308,308
高雄市彌陀區,64000280,373,376,380,386,399,412,421,446,466,481,456,485,488,489,489,495,502,502,502,502
高雄市梓官區,64000290,543,557,572,597,622,658,685,739,781,824,839,845,881,885,903,959,965,1023,1020,1065
高雄市旗山區,64000300,1020,1027,1036,1048,1057,1074,1095,1128,1146,1173,1143,1188,1211,1290,1333,1421,1518,1684,1824,2351
高雄市美濃區,64000310,1305,1315,1344,1362,1374,1399,1416,1450,1481,1505,1509,1515,1538,1579,1621,1643,1642,1638,1657,1705
高雄市六龜區,64000320,387,382,382,387,387,394,402,409,416,423,440,440,407,410,410,410,411,414,411,446
高雄市甲仙區,64000330,177,171,168,168,170,172,175,182,184,190,186,170,172,176,176,181,181,184,187,197
高雄市杉林區,64000340,345,352,360,367,370,378,386,394,399,408,414,418,427,435,440,447,456,462,468,476
高雄市內門區,64000350,430,429,432,435,440,445,450,462,469,482,490,499,506,511,514,516,517,517,518,520
高雄市茂林區,64000360,22,22,23,24,23,24,25,24,24,25,34,34,34,34,34,34,35,36,36,39
高雄市桃源區,64000370,46,44,40,41,40,42,43,47,47,49,57,61,61,61,62,62,62,67,67,67
高雄市那瑪夏區,64000380,28,28,27,28,29,29,30,33,37,39,46,49,49,49,49,49,49,52,56,56
新北市板橋區,65000010,6699,6988,7440,7930,8514,9165,9736,10792,11642,12484,13374,14230,15021,15720,16288,16691,16892,16857,16555,15958
新北市三重區,65000020,4999,5182,5443,5731,6102,6504,6890,7577,8110,8670,8406,9076,9507,10283,10366,10391,10361,10357,10357,10249
新北市中和區,65000030,5603,5838,6213,6605,7095,7611,8062,8906,9549,10196,10372,10372,10372,10381,10691,10691,10691,10691,10691,10691
新北市永和區,65000040,3747,3855,4060,4297,4531,4824,5075,5515,5864,6178,6505,6929,7155,7268,7733,8122,8528,8847,9138,9431
新北市新莊區,65000050,3480,3691,3985,4331,4751,5205,5589,6315,6890,7495,8260,9184,10142,10162,10217,10216,10366,10391,10361,10357
新北市新店區,65000060,4715,4883,5177,5488,5844,6237,6598,7221,7711,8245,8875,9621,10322,10255,10249,10249,10249,10249,10249,10249
新北市樹林區,65000070,1740,1830,1937,2078,2230,2401,2555,2844,3079,3319,3432,3619,3692,3780,3826,3922,3937,4250,4250,4520
新北市鶯歌區,65000080,958,983,1023,1084,1148,1221,1286,1399,1481,1573,1619,1670,1670,1748,1763,1829,1887,1894,1960,2070
新北市三峽區,65000090,1331,1367,1425,1483,1554,1645,1728,1885,1987,2104,2219,2231,2381,2439,2455,2564,2687,2800,2910,3105
新北市淡水區,65000100,1902,2013,2171,2352,2554,2783,2976,3367,3672,4007,4028,4307,4389,4766,5192,5666,5802,6062,6311,6665
新北市汐止區,65000110,2325,2404,2546,2700,2887,3088,3277,3653,3940,4251,4302,4614,4819,5037,5280,5294,5417,5770,6183,6249
新北市瑞芳區,65000120,959,946,943,945,960,968,987,1026,1049,1076,1082,1096,1116,1147,1184,1226,1268,1312,1357,1407
新北市土城區,65000130,2104,2189,2306,2459,2649,2868,3079,3474,3794,4160,4312,5035,5796,6774,8147,8481,8760,8823,9354,9244
新北市蘆洲區,65000140,1693,1756,1864,1979,2119,2298,2464,2769,2995,3258,3257,3565,3722,3790,3826,4036,4051,4383,4588,4827
新北市五股區,65000150,906,931,973,1020,1070,1131,1196,1313,1406,1512,1676,1712,1747,1854,1958,2095,2199,2255,2517,2575
新北市泰山區,65000160,690,730,790,860,927,1009,1080,1209,1309,1416,1411,1401,1456,1588,1684,1832,1969,2193,2403,2591
新北市林口區,65000170,813,877,951,1039,1146,1266,1375,1560,1732,1897,2007,2223,2485,2787,3129,3442,3753,4183,4732,5497
新北市深坑區,65000180,295,304,320,338,362,389,409,450,484,520,545,561,578,630,656,662,683,726,743,765
新北市石碇區,65000190,215,214,212,214,218,222,226,234,246,253,259,266,273,279,283,287,290,291,291,291
新北市坪林區,65000200,205,207,209,208,211,218,222,233,245,258,265,267,268,291,291,324,330,330,356,369
新北市三芝區,65000210,421,425,443,462,483,509,528,565,586,614,601,604,605,605,618,670,672,677,668,668
新北市石門區,65000220,247,248,248,254,261,272,276,288,301,306,285,285,286,286,286,286,286,311,311,311
新北市八里區,65000230,433,449,463,485,523,558,587,658,706,761,793,809,817,888,920,958,962,1020,1043,1105
新北市平溪區,65000240,205,202,200,200,201,200,200,201,202,203,205,207,208,210,212,214,216,217,218,220
新北市雙溪區,65000250,328,325,320,317,323,325,327,337,343,346,326,330,333,364,397,403,454,456,516,545
新北市貢寮區,65000260,383,378,377,380,386,386,389,397,400,402,404,407,410,413,416,419,422,424,427,429
新北市金山區,65000270,412,412,419,425,437,451,467,485,511,523,535,546,565,565,580,594,594,598,611,615
新北市萬里區,65000280,459,461,468,480,501,520,534,570,593,615,633,643,657,664,671,674,675,674,672,669
新北市烏來區,65000290,80,81,84,88,94,102,108,117,129,134,126,126,133,133,133,133,143,145,145,145
臺中市中區,66000010,311,381,382,396,412,433,449,476,499,515,502,502,502,523,549,601,601,603,616,628
臺中市東區,66000020,1286,1244,1278,1321,1369,1434,1478,1573,1665,1762,1771,1855,1923,1992,2022,2065,2164,2235,2278,2334
臺中市南區,66000030,1405,1396,1449,1530,1620,1740,1833,1996,2115,2252,2283,2283,2458,2587,2695,2940,3044,3236,3434,3434
臺中市西區,66000040,1660,1763,1833,1929,2025,2154,2255,2442,2578,2721,2748,2847,2922,2978,3249,3429,3429,3475,3577,3637
臺中市北區,66000050,2248,2262,2332,2440,2561,2726,2857,3096,3280,3486,3667,3755,3808,4050,4044,4342,4541,4693,4931,5154
臺中市西屯區,66000060,2150,2241,2338,2456,2608,2787,2952,3242,3479,3749,3974,4275,4789,5101,5260,5574,6060,6547,6895,7429
臺中市南屯區,66000070,1373,1458,1530,1617,1717,1865,1995,2209,2379,2554,2579,2814,3055,3172,3407,3705,3857,3920,4205,4586
臺中市北屯區,66000080,2912,2970,3087,3255,3466,3712,3936,4348,4701,5054,5353,5492,5831,6296,6836,7244,7657,8498,9234,9553
臺中市豐原區,66000090,2389,2431,2516,2606,2736,2879,3000,3208,3382,3569,3531,3629,3697,3762,3965,3972,4100,4307,4493,4517
臺中市東勢區,66000100,1193,1205,1224,1256,1288,1324,1352,1404,1442,1487,1512,1472,1478,1498,1544,1567,1567,1570,1570,1570
臺中市大甲區,66000110,1213,1222,1241,1265,1312,1358,1401,1497,1573,1650,1601,1601,1749,1789,1794,1875,1875,1899,1995,2129
臺中市清水區,66000120,1408,1430,1454,1495,1541,1607,1661,1769,1859,1961,1973,1973,2069,2069,2075,2108,2195,2212,2228,2254
臺中市沙鹿區,66000130,1002,1035,1073,1117,1179,1264,1326,1438,1533,1633,1606,1731,1797,1934,2001,2066,2111,2187,2300,2396
臺中市梧棲區,66000140,654,681,705,729,767,813,855,930,989,1053,1063,1086,1088,1195,1195,1249,1313,1313,1397,1406
臺中市后里區,66000150,910,920,940,959,981,1020,1053,1108,1166,1218,1193,1235,1264,1286,1302,1338,1374,1493,1499,1519
臺中市神岡區,66000160,891,910,940,976,1014,1057,1100,1187,1261,1327,1341,1353,1367,1455,1522,1540,1546,1621,1670,1677
臺中市潭子區,66000170,1105,1132,1182,1248,1321,1414,1488,1632,1748,1877,1903,2015,2022,2174,2278,2318,2516,2673,2967,3134
臺中市大雅區,66000180,928,944,972,1007,1052,1119,1179,1283,1371,1476,1568,1615,1648,1768,1784,1972,1972,2033,2108,2141
臺中市新社區,66000190,581,584,597,605,618,637,649,676,695,707,725,736,746,754,760,763,764,764,762,758
臺中市石岡區,66000200,329,326,330,335,342,354,364,383,397,409,420,431,441,450,458,466,473,479,484,489
臺中市外埔區,66000210,514,520,524,528,551,573,590,627,652,689,671,708,704,713,711,724,728,729,765,778
臺中市大安區,66000220,420,424,425,433,441,448,457,471,481,491,489,489,497,500,456,456,461,490,530,530
臺中市烏日區,66000230,915,933,971,1012,1059,1124,1179,1274,1352,1432,1444,1515,1526,1593,1598,1616,1656,1656,1676,1699
臺中市大肚區,66000240,781,793,819,843,884,937,985,1062,1124,1188,1172,1242,1352,1357,1493,1494,1523,1622,1635,1637
臺中市龍井區,66000250,910,924,951,991,1040,1090,1129,1211,1279,1339,1406,1419,1444,1466,1505,1603,1608,1675,1701,1707
臺中市霧峰區,66000260,1041,1053,1078,1121,1162,1210,1255,1338,1407,1485,1543,1543,1582,1628,1643,1704,1710,1693,1778,1778
臺中市太平區,66000270,1886,1954,2062,2178,2331,2504,2651,2936,3182,3420,3679,3903,4120,4385,4629,5058,5163,5375,5711,5765
臺中市大里區,66000280,1818,1906,2015,2157,2319,2521,2693,3010,3268,3549,3630,3725,3809,3866,3904,4133,4435,4627,4747,4771
臺中市和平區,66000290,234,230,230,236,238,243,250,263,272,285,264,268,268,263,286,286,286,288,289,289
臺南市新營區,67000010,1442,1454,1494,1534,1581,1641,1696,1795,1873,1942,1931,1950,2025,2105,2105,2158,2191,2191,2201,2218
臺南市鹽水區,67000020,682,682,680,685,703,709,723,735,749,773,772,800,800,837,837,844,823,854,878,874
臺南市白河區,67000030,973,966,967,976,988,993,1001,1016,1023,1042,1078,1089,1107,1107,1107,1113,1113,1113,1113,1136
臺南市柳營區,67000040,575,575,580,589,597,613,620,642,658,664,679,698,701,701,705,706,706,710,710,719
臺南市後壁區,67000050,817,808,812,824,829,843,855,863,872,882,875,875,904,904,952,1001,1008,1048,1146,1179
臺南市東山區,67000060,692,686,686,691,697,705,715,728,734,740,745,751,756,761,766,771,777,782,788,794
臺南市麻豆區,67000070,1054,1050,1055,1073,1090,1122,1154,1203,1236,1271,1319,1326,1379,1410,1412,1449,1504,1553,1553,1553
臺南市下營區,67000080,690,685,690,693,699,710,722,735,749,767,743,756,756,756,785,785,780,787,798,798
臺南市六甲區,67000090,508,514,521,534,542,558,570,591,608,625,634,647,661,668,671,681,681,685,691,691
臺南市官田區,67000100,501,492,493,505,513,527,534,545,554,567,572,572,582,589,620,689,705,706,710,710
臺南市大內區,67000110,329,325,327,331,333,338,347,356,359,366,377,388,396,404,412,416,420,424,428,433
臺南市佳里區,67000120,1089,1099,1113,1142,1186,1226,1268,1337,1393,1450,1510,1510,1510,1534,1534,1580,1582,1598,1598,1598
臺南市學甲區,67000130,586,584,584,591,603,620,635,660,677,702,707,707,708,709,709,714,720,720,720,720
臺南市西港區,67000140,523,519,522,538,550,562,571,597,616,632,639,642,653,653,672,677,693,693,693,699
臺南市七股區,67000150,681,671,665,664,664,667,672,680,683,686,729,731,736,739,776,828,893,967,974,984
臺南市將軍區,67000160,596,582,574,571,579,586,596,612,624,633,639,639,646,653,656,660,661,684,689,701
臺南市北門區,67000170,285,282,275,273,277,280,286,297,306,314,320,328,330,338,345,347,349,352,354,356
臺南市新化區,67000180,826,829,845,870,896,933,965,1026,1062,1105,1094,1150,1212,1212,1212,1212,1278,1280,1280,1261
臺南市善化區,67000190,896,897,912,918,948,982,1011,1054,1081,1119,1145,1146,1172,1190,1263,1325,1327,1327,1395,1419
臺南市新市區,67000200,509,509,517,543,565,588,613,662,695,725,730,742,792,838,882,888,926,926,969,964
臺南市安定區,67000210,578,576,573,573,584,599,620,649,675,699,715,736,743,743,743,743,751,753,753,746
臺南市山上區,67000220,208,205,206,212,214,217,222,226,226,232,227,232,232,232,232,233,233,233,233,233
臺南市玉井區,67000230,427,421,425,435,436,438,445,450,462,471,448,449,449,489,513,513,530,547,547,592
臺南市楠西區,67000240,290,289,288,295,300,308,315,321,324,332,326,326,329,329,329,329,329,329,331,332
臺南市南化區,67000250,249,248,249,255,264,272,279,290,295,301,279,304,305,299,311,324,325,352,342,341
臺南市左鎮區,67000260,196,190,191,194,195,194,197,197,200,198,184,205,205,205,205,206,209,212,218,231
臺南市仁德區,67000270,1061,1081,1117,1182,1236,1309,1370,1483,1574,1674,1642,1717,1746,1746,1746,1792,1858,1919,1919,1919
臺南市歸仁區,67000280,887,902,923,973,1020,1070,1121,1218,1292,1373,1406,1464,1503,1635,1646,1763,1779,1844,1913,1986
臺南市關廟區,67000290,743,744,754,778,795,823,842,884,920,959,956,994,994,1053,1071,1112,1112,1112,1169,1169
臺南市龍崎區,67000300,155,151,150,149,150,153,155,156,156,158,160,166,206,215,221,228,232,240,242,249
臺南市永康區,67000310,2344,2398,2493,2628,2775,2944,3111,3412,3647,3928,4024,4235,4564,4789,4989,5413,5592,5693,5721,5782
臺南市東區,67000320,2496,2640,2748,2877,3035,3192,3355,3627,3850,4071,4183,4700,5058,5214,5238,5488,5356,5640,5685,6100
臺南市南區,67000330,2272,2181,2251,2335,2442,2577,2693,2911,3056,3220,3236,3308,3534,3637,3637,3690,3704,3807,3808,3884
臺南市北區,67000340,2184,2177,2231,2331,2420,2535,2647,2810,2952,3092,3177,3308,3503,3549,3651,3755,3824,3936,4014,4067
臺南市安南區,67000350,2055,2037,2105,2210,2342,2487,2660,2915,3133,3348,3301,3445,3645,3891,3859,4147,4182,4554,4759,4813
臺南市安平區,67000360,643,665,695,732,782,832,886,976,1054,1129,1150,1195,1249,1313,1424,1476,1523,1630,1645,1709
臺南市中西區,67000370,1693,1692,1727,1772,1828,1870,1929,2039,2121,2204,2160,2193,2200,2220,2321,2355,2365,2365,2365,2409
桃園市桃園區,68000010,1113,1117,1138,1180,1223,5764,6137,6830,7411,8030,6285,7024,7028,7906,8434,8715,9078,9219,9741,9982
桃園市中壢區,68000020,1900,1939,1994,2072,2170,5843,6129,6720,7174,7684,6564,6930,6988,7335,7816,8205,8450,9066,8851,9455
桃園市大溪區,68000030,1479,1487,1509,1539,1588,1659,1720,1837,1931,2033,2132,2202,2286,2376,2412,2470,2702,2806,2989,3087
桃園市楊梅區,68000040,1545,1570,1605,1673,1753,2289,2405,2632,2801,3007,3109,3246,3383,3713,3721,3874,3962,3959,4256,4303
桃園市蘆竹區,68000050,1028,1032,1044,1053,1077,1776,1906,2127,2313,2514,2286,2509,2693,2866,2964,3302,3412,3490,3811,3904
桃園市大園區,68000060,4756,4859,5029,5246,5515,1278,1329,1447,1543,1651,1933,1833,1966,1918,1973,1945,1966,1949,1956,1947
桃園市龜山區,68000070,1056,1061,1064,1069,1094,2090,2234,2509,2730,2991,2526,2515,2376,2402,2600,2968,3041,3326,3683,3736
桃園市八德區,68000080,4272,4448,4682,4975,5328,2679,2846,3169,3425,3703,4348,5566,7653,9507,9510,9828,9846,9860,9861,9861
桃園市龍潭區,68000090,2296,2366,2449,2575,2727,1855,1942,2149,2306,2475,2454,2474,2378,2378,2367,2427,2525,2617,2623,2694
桃園市平鎮區,68000100,1330,1369,1441,1532,1639,2912,3088,3410,3683,3993,4384,5260,6717,8614,8766,8905,9382,9935,10162,10222
桃園市新屋區,68000110,2139,2181,2275,2380,2507,1110,1135,1187,1222,1264,1393,1480,1526,1542,1539,1530,1521,1517,1517,1522
桃園市觀音區,68000120,165,162,165,171,176,1104,1131,1181,1230,1281,1417,1583,1719,2167,2434,2538,2707,3023,3222,3359
桃園市復興區,68000130,1672,1693,1745,1815,1940,185,190,202,213,227,211,237,283,290,337,385,385,430,430,430
